﻿TRAVEL_ID,ADV_NM,ADV_SEQ,PAYMENT_NUM,BRNO,STORE_NM,ROAD_NM_ADDR,LOTNO_ADDR,ROAD_NM_CD,LOTNO_CD,PAYMENT_DT,PAYMENT_MTHD_SE,PAYMENT_AMT_WON,PAYMENT_ETC,SGG_CD
e_e000004,연무대 어차,1,3,1358215727,수원문화재단,경기 수원시 팔달구 행궁로 11,,3176017,4111512300,2023-04-30 14:15,3,9500,화성어차 ,
e_e000011,체험예약,0,4,,후후라운지,옥인3길8,,,,,1,140000,,1111011100
e_e000030,ITX열차표,1,1,3148210024,한국철도공사,대전 동구 중앙로 240,,3164033,3011011300,2023-04-29 00:00,1,0,기차표,
e_e000030,ITX열차표,2,1,3148210024,한국철도공사,대전 동구 중앙로 240,,3164033,3011011300,,1,0,기차표,
e_e000037,음료,1,1,,카페윤,서울 금천구 독산로50길 60-12,서울 금천구 시흥동 793,4151113,1154510300,2023-04-30 18:14,1,9500,,
e_e000334,니지모리 스튜디오 입장권,1,2,,(주)타이드스퀘어 투어비스,서울 중구 남대문로 78,,3101001,1114012600,2023-05-23 21:56,1,34000,니지모리 스튜디오 입장권,
e_e000338,더이더리뷔페 예약시 결제,2,1,3678500031,(주)조선호텔앤리조트포포인츠조선서울역,서울 용산구 한강대로 366,,2005005,1117010700,2023-05-12 00:00,3,50350,"포포인츠 바이 쉐라톤 조선, 서울역(더이터리)",
e_e000355,GS편의점,1,3,4046800347,GS25,서울 마포구 망원로3길 8,서울 마포구 망원동 421-30,4139201,1144012300,2023-05-21 08:31,1,8200,맵떡치즈호빵;삼각_스팸참치2;풀)스팸김치2편;버섯소불고기;모구모구블랙,
e_e000366,캠핑장에서 먹을거리(이마트),1,3,2068650913,이마트,경기 고양시 덕양구 백양로 79,경기 고양시 덕양구 화정동 976,3192027,4128112300,2023-05-19 16:34,1,56350,피치니 메모로로쏘;적상추(양촌);토미카 메르세데스벤;호주냉장와규등심살;그릴비엔나,
e_e000377,공연티켓,1,4,,안산문화재단 달맞이극장,경기 안산시 단원구 화랑로 312,경기 안산시 단원구 고잔동 817,3190080,4127310100,2023-05-09 22:26,1,38000,관람권,
e_e000384,캠핑가서 먹을거리들!!,1,2,2618123567,주식회사 컬리,서울 강남구 테헤란로 133,,3122010,1168010100,2023-06-03 12:28,1,46700,흙대파1단; 얼큰 미나리 샤브샤브; 양파; 새송이버섯; 왕의안주-모듬꼬치세트,
e_e000385,음식 및 간식,1,2,1078521303,롯데쇼핑(주)VIC MARKET 영등포점,서울 영등포구 영중로 125,,3118024,1156010900,2023-05-20 20:21,1,119720,롯데 아이시스;HBAF 군옥수수 아몬드;청정원 호밍스 낙곱새전골;동원 그릴리 직화후랑크;크라운 초코하임,
e_e000385,음식 및 간식,2,2,2818701953,성대지마트,서울 동작구 상도로 102,,3119005,1159010200,2023-05-20 22:12,1,26720,롯데)클라우스(병);코카)콜라제로(레몬);돌미나리1상자;빙)삼다향천혜향쥬스;블루베리(국내산),
e_e000387,곱창전골.까르보나라 떡볶이.곰탕.떡국떡.소떡소떡.돼지갈비,1,4,1208800767,(주)쿠팡,서울 송파구 송파대로 570,서울 송파구 신천동 7-30,2005011,1171010200,,1,16900,셰프초이스 칼집 돼지왕구이,
e_e000387,곱창전골.까르보나라 떡볶이.곰탕.떡국떡.소떡소떡.돼지갈비,2,4,1208800767,쿠팡(주),서울 송파구 송파대로 570,서울 송파구 신천동 7-30,2005011,1171010200,2023-06-01 00:00,1,32680,프레시지 대한곱창 곱창전골;청정원 소시지랑 떡이랑(냉동),
e_e000397,고기(목살; 돼지갈비);마쉬멜로; 컵라면; 조개탕 밀키트; 어묵밀키트; 주류 및 음료,0,3,,하나로마트,창전로45,,,,,1,120000,,1144011400
e_e000412,숙소,0,1,,도노 1796 호텔 수원,30-6,,,,,1,81626,,4111513100
e_e000430,커피,1,1,2158665050,탐앤탐스(거여점),서울 송파구 오금로 543,,3123014,1171011300,2023-05-22 13:54,1,4400,ICE 카페 아메리카노,
e_e000448,김밥,0,3,,소풍김밥,건건로92,,,,,1,9000,,4127111100
e_e000466,고기 김치 오렌지 물 상추 버섯 햇반 생수 토닉워터,1,4,8708801143,(주)에스에스지닷컴,서울 강남구 테헤란로 231,서울 강남구 역삼동 676,3122010,1168010100,2023-05-24 10:51,1,96878,NO BRAND노브랜드 별미 볶음김치400G 외11건,
e_e000481,뮤지컬 데스노트 티켓,0,1,,NHN,629,,,,,5,161000,,4113510900
e_e000483,식료품,1,8,2068650913,트레이더스,경기 군포시 삼성로 74,경기 군포시 부곡동 1227-1,3200026,4141010300,2023-05-26 12:28,1,327420,리코타클럽샌드위치;1등급이상도드람냉장;BBQ멀티팩세트;호주산냉장와규(F1)구;대추방울,
e_e000483,식료품,2,8,,,경기 군포시 당동로18번길 10,경기 군포시 당동 770-7,4400129,4141010100,2023-05-25 14:43,1,42400,롯데/칠성사이다+망고; 토레타; 농심/신라면5번들; 삼다수1박스;제주삼다수1박스,
e_e000483,식료품,3,8,,트레이더스 군포점,경기 군포시 삼성로 74,경기 군포시 부곡동 1227-1,3200026,4141010300,2023-05-24 12:35,1,274040,장아찌간장 소스;양반 리챔 부대전골;CJ햇반 매일잡곡밥;바리스타룰스;주스,
e_e000490,보조배터리,1,1,5248601528,네이버파이낸셜 주식회사 ,경기 성남시 분당구 정자일로 95,경기 성남시 분당구 정자동 178-4,3180021,4113510300,2023-06-01 14:31,1,31300,,
e_e000491,바베큐용 고기,1,3,5248601528,네이버파이낸셜,경기 성남시 분당구 정자일로 95,경기 성남시 분당구 정자동 178-4,3180021,4113510300,2023-05-23 00:00,1,41300,제주흑돼지 돈마호크 오겹살 목살 앞다리살 외 1건,
e_e000491,바베큐용 고기,2,3,5248601528,네이버 파이낸셜 주식회사,경기 성남시 분당구 정자일로 95,경기 성남시 분당구 정자동 178-4,3180021,4113510300,2023-05-24 00:00,1,24900,한돈 3대 국내산 돼지왕갈비 1KG 3인/ 포천이동갈비 양념 캠핑 가정의 달 선물세트 갈비찜,
e_e000500,고기 과일 간식 음료 외,1,4,2068650913,트레이더스 홀세일 클럽,경기 하남시 위례대로 200,경기 하남시 학암동 660,2000034,4145011600,2023-06-02 11:02,1,393780,카스;사파리;수박;농심 새우깡;공부가주,
e_e000514,입장권,0,5,,농협경제지주 안성팜랜드,대신두길 28,,,,,4,61000,,4155025000
e_e000524,식물사랑단 체험 예약,2,2,1358504288,삼성물산(주) 에버랜드,경기 용인시 처인구 포곡읍 에버랜드로 199,,3203081,4146125027,2023-04-20 00:00,1,60000,식물사랑단키즈 체험('23년도),
e_e000561,칫솔치약세트,0,1,,이마트부천점,316-2,,,,,1,8600,,4119011100
e_e000564,아쿠아필드 입장권,1,1,2208742885,주식회사 야놀자,서울 강남구 테헤란로108길 42,서울 강남구 대치동 1003,4166713,1168010600,2023-05-15 00:00,3,12000,아쿠아필드 스파랜드 다지점 특가,
e_e000590,야구티켓,1,2,,,,,,,2023-05-16 18:30,1,72000,관람권,
e_e000609,입장권,0,3,,매직플로우 원더래빗,스타필드,,,,,1,17800,,4128111200
e_e000621,속옷,0,1,,롯데마트시흥배곧점,2537-1,,,,,1,22000,,4139013200
e_e000623,곱창 고기,1,6,1567400100,제일곱창,서울 성동구 고산자로 281,,3005030,1120010300,2023-05-17 15:54,1,86000,왕십리 제일곱창 한우 소곱창 초벌3인분/곱창+대창+염통+전골,
e_e000623,곱창 고기,3,6,,쿠팡(쿠페이),서울 중구 세종대로 39,,2005001,1114011700,2023-05-18 10:39,1,59940,애슐리 플러스 고르곤졸라 불고기 퀘사디아;모아미트 캐나다산 보리먹인 암퇘지 삼겹 항정살 반반팩 구이용(냉장),
e_e000640,가스충전,1,3,3358603135,실로암엘피지충전소(주),경기 김포시 고촌읍 개화동로 245,,3000011,4157025325,2023-05-26 06:34,1,44195,주유비,
e_e000644,토마호크 삼겹살 라면 음료수 술 햇반 야채 과자 오렌지 피스타치오 생수,0,4,,홈플러스 가양점,18-24,,,,,1,88000,,1150010400
e_e000669,생수 라면 즉석밥 고기 과자,1,4,5248601528,네이버파이낸셜,경기 성남시 분당구 정자일로 95,경기 성남시 분당구 정자동 178-4,3180021,4113510300,2023-05-23 00:00,1,51360,로투스 록키마운틴 머쉬멜로우 150G  외 13건,
e_e000680,타이어,0,3,,애플타이어,애플타이어,,,,,1,400000,,4711311600
e_e000686,유부초밥,1,2,8472701176,정직유부,경기 화성시 남양읍 남양로 671,경기 화성시 남양읍 남양리 2320-5,3210014,4159026221,2023-06-04 19:21,1,1800,반반유부(참치);참치멸치유부(반반);반반유부(크래미와사);크래미닭갈비유부(반반),
e_e000693,커피,1,2,5863301234,빽다방,서울 서대문구 수색로2길 39,서울 서대문구 남가좌동 286-1,4136199,1141012000,2023-05-20 09:10,1,6000,,
e_e000695,전시입장권,0,2,,그라운드시소 성수 - 나탈리 카르푸셴코 사진전,280-6 생각공장 데시앙플렉스 지하 1층,,,,,1,17800,,1120011500
e_e000695,전시입장권,1,2,,그라운드시소성수,서울 성동구 아차산로17길 49,,4109391,1120011500,,1,17800,나탈리 카르푸셴코 사진전 ,
e_e000699,강아지이동가방,1,1,,인사이드독,,,,,2023-05-29 15:07,1,240000,인사이드독&캣 R백팩-그레이옐로우 이;(추가상품)하늘브라운체크,
e_e000707,식재료 등,1,4,1098537306,롯데마트,서울 강서구 하늘길 38,서울 강서구 방화동 886,4145490,1150010900,2023-06-02 12:30,1,101570,,
e_e000710,닭꼬치,1,2,4686600240,골든푸드,충남 천안시 서북구 성환읍 율금1길 221-23,충남 천안시 서북구 성환읍 율금리 772-30,4550572,4413325024,2023-05-18 14:12,3,0,수제닭꼬치파닭160G*10개숯불 캠핑음식 요리구이 안주 닭다리살,
e_e000710,닭꼬치,2,2,4686600240,골든푸드,충남 천안시 서북구 성환읍 율금1길 221-23,충남 천안시 서북구 성환읍 율금리 772-30,4550572,4413325024,2023-05-18 12:20,3,0,수제 닭꼬치 파닭 숯불 캠핑음식 요리 구이 안주 닭다리살,
e_e000717,과일;도시락재료,0,4,,이마트 안양점,관악대로 104,,,,,1,40000,,4117310100
e_e000733,술 안주류,1,4,,마켓컬리,,,,,2023-05-18 22:28,1,49360,,
e_e000751,항공권,1,2,,,,,,,2023-05-28 00:00,1,131600,비행기표,
e_e000751,항공권,2,2,,,,,,,2023-05-30 00:00,1,89600,비행기표,
e_e000765,간식,1,3,2208160348,홈플러스,서울 강서구 화곡로 398,서울 강서구 등촌동 639-11,3005069,1150010200,2023-05-19 07:21,1,13400,농심 튀김우동 큰사발;농심 짜파게티 큰사발;농심 후루룩쌀국수 미역국;농심 쌀국수,
e_e000765,간식,2,3,2208160348,홈플러스,서울 강서구 화곡로 398,서울 강서구 등촌동 639-11,3005069,1150010200,2023-05-19 07:19,1,151090,오뚜기 3분 쇠고기 짜장;오뚜기 쇠고기간짜장;오뚜기 3분 카레 순한맛;오뚜기 2분 쇠고기 카레;씨제이 고메 스윗 치즈피자,
e_e000767,빵,0,1,,안데르센과자점,17-2,,,,,3,8500,,4113510300
e_e000771,화담숲 입장권,1,3,1268211896,화담숲,경기 광주시 도척면 도척윗로 278-1,,3211012,4161033026,2023-05-22 06:54,1,29000,,
e_e000774,먹거리,1,7,,GS25,,,,,2023-05-28 12:07,1,30000,빙산토리)짐빔화이트,
e_e000774,먹거리,3,7,2138641348,청해수산 영어조합법인,경기 남양주시 순화궁로 492-10,경기 남양주시 별내동 2184-63,3197037,4136011100,2023-05-28 11:33,1,67100,민물장어,
e_e000774,먹거리,4,7,,홈플러스,,,,,2023-05-27 17:09,1,303680,필라이트후레쉬피쳐;오비맥주_카스큐팩;진로PET;동원페셜후랑크;깐마늘;빙그레요플레살구맛,
e_e000791,물티슈; 휴대용 기초케어 제품을 올리브영 앱을 통해 사전구매하였습니다.,0,1,,올리브영,3493,,,,,1,30200,,4113310100
e_e000803,아이음료수2개. 탄산수2개,0,4,,이마트,,,,,,1,2700,,1144010200
e_e000818,음식과 음료 물 들,1,2,1328525455,롯데마트,경기 남양주시 와부읍 월문천로 33,경기 남양주시 와부읍 덕소리 501-3,3197042,4136025021,2023-05-31 14:53,1,105750,오비 호가든(캔);기네스 드래프트(캔);예거 라들러 복숭아;호로요이 하피클 사워;호로요이 그레이프(캔),
e_e000826,부대찌개,1,3,8086500607,땅스부대찌개,경기 부천시 양지로184번길 29,경기 부천시 옥길동 725,4853797,4119011500,2023-05-26 15:38,1,9900,오리지널부대찌개,
e_e000854,주유,1,5,1328605698,(주)태진에너지내각충전소,경기 남양주시 진접읍 금강로유연들1길 52,,4391199,4136025322,2023-05-27 10:08,1,42227,주유비,
e_e000859,보조배터리,1,1,1358199773,주식회사 세마전자,경기 수원시 영통구 중부대로448번길 97,경기 수원시 영통구 원천동 471,4331168,4111710200,2023-05-23 10:38,1,15900,샤오미보조배터리 10000 7세대 초고속충전 대용량 미니 삼성 갤럭시 아이폰 호환,
e_e000859,보조배터리,2,1,1358199773,주식회사 세마전자,경기 수원시 영통구 중부대로448번길 97,경기 수원시 영통구 원천동 471,4331168,4111710200,2023-05-23 10:38,1,4000,샤오미보조배터리 10000 7세대 초고속충전 대용량 미니 삼성 갤럭시 아이폰 호환,
e_e000859,보조배터리,3,1,5248601528,NAVER FINANCIAL,경기 성남시 분당구 정자일로 95,경기 성남시 분당구 정자동 178-4,3180021,4113510300,2023-05-23 00:00,1,19900,샤오미보조배터리 10000 7세대 초고속충전 대용량 미니 삼성 갤럭시 아이폰 호환,
e_e000872,칼봉산자영휴양림 숙소,1,5,1328300479,가평군청,경기 가평군 가평읍 석봉로 181,경기 가평군 가평읍 읍내리 513,3216024,4182025021,2023-05-09 13:18,1,130000,백합2,
e_e000875,부산 - 서울경부 고속버스 티켓,1,1,2208742885,㈜야놀자,서울 강남구 테헤란로108길 42,서울 강남구 대치동 1003,4166713,1168010600,2023-06-01 00:09,3,25400,버스표,
e_e000882,프로틴과물과초콜렛,1,1,3622700977,이마트24,경기 화성시 남양읍 시청로 119,,3210146,4159026221,2023-05-23 12:17,1,15550,농심)백산수;친환경생분해쇼핑백_소;크라운)토익초콜릿;랩노쉬)프로틴마일드카카오;랩노쉬)프로틴마일드바나나,
e_e000906,고기; 야채; 어묵탕,0,1,,마켓컬리,잠실엘스(자택 온라인 주문),,,,,1,40780,,1171010100
e_e000907,왕복 버스표,1,1,1048183559,(주)티머니,서울 중구 후암로 110,서울 중구 남대문로5가 581,3101024,1114011800,2023-05-26 03:09,1,10500,버스표,
e_e000907,왕복 버스표,2,1,1048183559,(주)티머니,서울 중구 후암로 110,서울 중구 남대문로5가 581,3101024,1114011800,2023-05-19 12:36,1,10500,버스표,
e_e000910,커피,1,1,,메가커피,서울 서대문구 통일로 147,서울 서대문구 냉천동 237,3000008,1141010500,2023-05-26 10:21,1,1000,,
e_e000919,주류,0,1,,코스트코,65,,,,,3,120000,,1156012700
e_e000932,음료구입,1,3,3032492889,더벤티 별내북부점,경기 남양주시 별내3로 320,경기 남양주시 별내동 826-9,3197089,4136011100,2023-06-03 13:14,1,7800,애플망고에이드;블루레몬에이드,
e_e000938,음료수4개,1,4,6618200117,하나로마트,서울 서초구 양재대로2길 116-19,서울 서초구 우면동 763,4163748,1165010300,2023-05-27 10:41,1,13410,풀무원 로스팅짜장파기름라면 4인;티로그 납작복숭아아이스티;아침햇살;로스팅 짬뽕 홍게,
e_e000938,음료수4개,2,4,7878500481,안성팜랜드,경기 안성시 공도읍 대신두길 28,,4424173,4155025023,2023-05-28 12:33,1,10000,,
e_e000938,음료수4개,3,4,7878500481,안성팜랜드,경기 안성시 공도읍 대신두길 28,,4424173,4155025023,2023-05-28 12:38,1,10000,,
e_e000938,음료수4개,4,4,7878500481,농협경제지주(주)안성팜랜드,경기 안성시 공도읍 대신두길 28,경기 안성시 공도읍 신두리 451,4424173,4155025023,2023-05-28 11:55,1,32000,임실 치즈돈까스;짜장면;제육덮밥,
e_e000938,음료수4개,5,4,,안성팜랜드,경기 안성시 공도읍 대신두길 28,,4424173,4155025023,,1,0,말산업체험교육 참가증 ,
e_e000946,비행기티켓,1,1,1048117480,아시아나항공,서울 강서구 오정로 443-83,,3000015,1150011300,2023-05-01 00:00,1,58900,비행기표,
e_e000946,비행기티켓,2,1,8258100091,에어서울 주식회사,서울 강서구 하늘길 176,서울 강서구 공항동 1373-5,4145490,1150010800,2023-05-01 00:00,1,38000,비행기표,
e_e000947,수목원 입장료,1,2,1278307539,국립수목원,경기 포천시 소흘읍 광릉수목원로 415,,3012038,4165025025,2023-05-19 23:54,1,2000,주차비,
e_e000949,아쿠아리움 입장권,0,2,,코엑스 아쿠아리움,159,,,,,1,52800,,1168010500
e_e000956,전시회티켓,1,1,,소마미술관,서울 송파구 위례성대로 51,서울 송파구 방이동 88-21,2123002,1171011100,2023-05-09 11:15,1,7500,입장료,
e_e000956,전시회티켓,2,1,,주식회사 카카오,,,,,2023-05-09 11:18,3,15000,빈센트발 전시회 입장권,
e_e000967,라면 김밥 맥주 주유,1,3,3128610797,(주)대성주유소,충남 천안시 서북구 성거읍 망향로 697,충남 천안시 서북구 성거읍 저리 144-4,3250051,4413325325,2023-05-26 14:26,1,25000,주유비,
e_e000967,라면 김밥 맥주 주유,2,3,3128610797,(주)대성주유소,충남 천안시 서북구 성거읍 망향로 697,충남 천안시 서북구 성거읍 저리 144-4,3250051,4413325325,2023-05-26 14:25,1,5999,주유비,
e_e000967,라면 김밥 맥주 주유,3,3,,GS25,,,,,2023-05-26 22:04,1,21000,[번들]오비)버드와이저캔;[번들]하이네켄)타이거캔,
e_e000967,라면 김밥 맥주 주유,4,3,8472401345,GS25,충남 천안시 서북구 1공단1길 13,충남 천안시 서북구 두정동 63-33,4550001,4413310400,2023-05-26 21:39,1,6950,육개장사발면;Y)공화춘짬뽕;신볶게티큰사발;전주비빔김밥,
e_e000967,라면 김밥 맥주 주유,5,3,8472401345,GS25,충남 천안시 서북구 1공단1길 13,충남 천안시 서북구 두정동 63-33,4550001,4413310400,2023-05-26 00:00,1,17500,오비)버드와이저캔,
e_e000973,고기 술 안주,1,4,1223622564,GS더 프레시,인천 계양구 용종로 8,인천 계양구 계산동 1086-4,3155029,2824510200,2023-06-04 20:20,1,26510,농심)신라면;오)초코칩쿠키;재사용종량제봉투;맛있는오뚜기밥실속;청)양념듬뿍쌈장,
e_e000973,고기 술 안주,2,4,6905800352,GS25,경기 가평군 청평면 경춘로 30,경기 가평군 청평면 대성리 621-4,3000120,4182032524,2023-06-05 10:12,1,14600,쿠)상쾌환; 참나무봉지숯,
e_e000976,음료 및 초콜릿,1,1,,GS25,경기 하남시 미사강변동로 180,경기 하남시 망월동 907,3202059,4145010900,2023-05-30 22:56,1,4300,,
e_e000976,음료 및 초콜릿,2,1,,지에스 더 프레시,,,,,2023-05-25 22:39,1,3990,,
e_e000983,이동수단,1,1,1298678894,동원건설산업 주식회사,경기 과천시 대공원광장로 102,경기 과천시 막계동 159-1,3195012,4129010400,2023-06-10 12:09,1,1500,동원코끼리열차 탑승권 ,
e_e000983,이동수단,2,1,1298678894,동원건설산업 주식회사,경기 과천시 대공원광장로 102,경기 과천시 막계동 159-1,3195012,4129010400,2023-06-10 14:11,1,1500,동원코끼리열차 탑승권,
e_e000993,먹을것,1,1,6813001542,에스에이치24(SH24)상산점,전북 전주시 완산구 거마평로 121,전북 전주시 완산구 효자동1가 652,3266008,4511114000,2023-05-26 14:47,1,22300,,
e_e000995,비행기표,1,2,1048117480,아시아나항공(주),서울 강서구 오정로 443-83,,3000015,1150011300,2023-04-27 00:00,1,152000,비행기표,
e_e000996,통일전망대 입장권ㆍcu편의점에서 음료수 ㆍ명랑핫도그,1,1,5641200598,명랑핫도그신정점,서울 양천구 목동동로 59,서울 양천구 신정동 323-32,3114001,1147010100,2023-06-01 16:44,1,2600,반반모짜,
e_e000996,통일전망대 입장권ㆍcu편의점에서 음료수 ㆍ명랑핫도그,4,1,,명랑핫도그,서울 양천구 목동동로 59,서울 양천구 신정동 323-32,3114001,1147010100,2023-06-01 17:13,1,5900,,
e_e001013,커피,1,1,2018121515,스타벅스,경기 김포시 김포대로 657,,2209001,4157010700,2023-05-28 09:02,3,9000,I-T)아메리카노,
e_e001031,미니 프렌치렉,1,2,5248601528,네이버파이낸셜 주식회사,경기 성남시 분당구 정자일로 95,경기 성남시 분당구 정자동 178-4,3180021,4113510300,2023-05-31 00:00,1,27000,양고기 양갈비 양꼬치 프렌치렉 숄더랙 캠핑 냉장 냉동,
e_e001040,영화예매,1,1,,CGV,경기 남양주시 다산순환로 20,경기 남양주시 다산동 6143,3351591,4136011200,2023-06-10 13:09,1,0,관람권,
e_e001045,부산-서울행 버스티켓,1,1,,천일여객,부산 사상구 사상로 201,,3132023,2653010400,2023-05-21 00:00,1,36500,버스표,
e_e001068,식료품,1,5,8478802104,굿모닝유통,경기 광주시 신현로 97,경기 광주시 신현동 666-1,3211034,4161011500,2023-05-28 13:15,1,115260,테라피쳐;펩시제로+펩시제로;클라우드;롯데/칠성사이다+밀키스기획;뽀로로(밀크),
e_e001104,프랑스 국립현대미술관 전시 티켓,1,2,5668701096,(주)위메프,서울 강남구 영동대로 502,,2122002,1168010500,2023-03-31 16:23,3,40000,(얼리버드)더현대서울 : 프랑스국립현대미술관전,
e_e001113,전시회 입장권,1,1,,네이처랩스,서울 마포구 양화로 188,서울 마포구 동교동 190-1,3113014,1144012100,2023-06-01 00:00,1,14400,브릭토피아 입장권,
e_e001118,삼겹살.맥주.음료수.과자.즉석밥.,0,3,,홈플러스,475-1,,,,,1,70000,,4115010900
e_e001134,호암미술관 예매티켓,0,3,,호암미술관,에버랜드로 562번길 38,,,,,1,42000,,4146125000
e_e001137,김밥,1,1,6446200337,봉동 앤 김밥,전북 완주군 봉동읍 낙평장기로 55,전북 완주군 봉동읍 장기리 284-13,3273010,4571025328,2023-05-26 14:17,1,11500,,
e_e001149,무인공방예약,0,4,,무인공방,서울 마포구 양화로23길 42 3층,,,,,1,80000,,1144012100
e_e001150,데이터케이블8핀,1,3,2138152063,(주)아성다이소,서울 강서구 강서로 267,서울 강서구 내발산동 719-6,3115001,1150010600,2023-06-02 19:01,1,2000,테이터케이블8핀,
e_e001178,에드워드호퍼 전시 얼리버드 입장권,1,1,1138638602,주식회사 스마틱스,서울 영등포구 경인로 775,서울 영등포구 문래동3가 55-20,3000028,1156012100,2023-03-28 13:55,1,10000,에드워드 호퍼:길 위에서,
e_e001188,가는길에 점심식사,3,3,2208182546,웰컴페이먼츠(주),서울 중구 통일로 92,서울 중구 순화동 1-170,3000008,1114016800,2023-06-03 12:55,1,64000,,
e_e001194,아쿠아플라넷 입장권,1,2,1138144055,(주)다날,경기 성남시 분당구 분당로 55,경기 성남시 분당구 서현동 266-1,3180026,4113510500,2023-05-31 00:00,1,40800,,
e_e001252,간식,1,6,2208160348,홈플러스,강원특별자치도 원주시 치악로 1489,강원특별자치도 원주시 관설동 1453,3219054,5113011600,2023-06-05 10:26,1,33430,골드베렌미니;킬키스;미니모닝버거;피크닉샌드위치;칸타타콘트라베이스,
e_e001261,돼지고기 목살,0,8,,우가네정육점,535,,,,,1,30000,,1159010200
e_e001265,막창,1,4,2618123567,주식회사 컬리,서울 강남구 테헤란로 133,서울 강남구 역삼동 647-14,3122010,1168010100,2023-05-03 21:09,1,30738,[미트클래버]대구막창,
e_e001271,각종 식재료 및 음료 과자,1,4,1288507797,GS더프레시,경기 고양시 덕양구 충경로 87,경기 고양시 덕양구 행신동 783,3192065,4128112800,2023-06-02 11:18,1,24880,의정부식 부대찌개;조지아카페라떼;혜자)오징어불고기;하남쭈꾸미;동원)지중해황도,
e_e001271,각종 식재료 및 음료 과자,2,4,2068650913,노브랜드,경기 고양시 덕양구 용현로 9,경기 고양시 덕양구 행신동 765,3192091,4128112800,2023-06-02 19:58,3,36210,육즙가득샤오롱빠오;노브랜드 고르곤졸라;쌀국수얼큰한맛;노브랜드 스파클링에코;종량제20L(고양행신),
e_e001287,커피,1,2,7861701585,컴포즈커피,경기 수원시 권선구 호매실로104번길 24-61,경기 수원시 권선구 호매실동 1400-2,4331218,4111313500,2023-06-01 09:29,1,3000,아메리카노(I) T/O,
e_e001312,고기구매,0,1,,삼일정육점,,,,,,1,100000,,1150010900
e_e001326,반바지,1,1,2148634194,(주)패션플러스,경기 성남시 분당구 판교로 242,경기 성남시 분당구 삼평동 624,3180051,4113510900,2023-05-24 19:57,1,17820,[폴햄]남성 쿨테리 데일리 밴딩 반바지_PH,
e_e001341,교통비,2,1,1048183559,(주)티머니,서울 중구 후암로 110,서울 중구 남대문로5가 581,3101024,1114011800,2023-05-28 14:49,1,15400,버스비,
e_e001351,꽃갈비살 항정살 버섯 소세지 고추 소주,1,2,2068650913,이마트,서울 마포구 백범로 212,,3005016,1144010300,2023-06-05 11:42,1,50600,,
e_e001372,뷔페이용,0,2,,르메르디앙 명동 라운지 뷔페,21-17 르메르디앙 명동,,,,,4,242000,,1114012400
e_e001392,우농타조농장 입장권,4,3,1410621332,테마파크 타조마을,경기 파주시 교하로 595-41,경기 파주시 동패동 615,3206006,4148011300,,1,2751,,
e_e001392,우농타조농장 입장권,5,3,1410621332,테마파크 타조마을,경기 파주시 교하로 595-41,경기 파주시 동패동 615,3206006,4148011300,,1,2753,입장권,
e_e001412,커피,1,2,3130577166,메가커피,경기 수원시 영통구 매영로 143,경기 수원시 영통구 원천동 550-2,3177003,4111710200,2023-05-28 12:54,1,2000,[포장](ICE)아메리카노,
e_e001422,집게.토치,1,3,1208800767,쿠팡(주),서울 송파구 송파대로 570,서울 송파구 신천동 7-30,2005011,1171010200,2023-06-01 00:00,1,14350,메리벨펀퍼니 캠핑 불멍용 숯집게,
e_e001428,전시회티켓; 아쿠아리움+전망대 티켓; 콘서트 티켓,0,2,,11번가,541,,,,,1,22000,,1114011800
e_e001430,케이크 사전예약,1,1,,,,,,,2023-06-02 22:48,3,61000,디믈리에 홀케이크,
e_e001434,한국잡월드 입장권이요.,1,2,1298212308,한국잡월드,경기 성남시 분당구 분당수서로 501,경기 성남시 분당구 정자동 4-6,3180055,4113510300,2023-06-01 00:00,1,27000,어린이체험관-입장권,
e_e001436,식재료 외,1,4,2208160348,홈플러스,경기 오산시 청학로 238,경기 오산시 수청동 610,3198045,4137010800,2023-05-27 17:03,1,183070,탕볶음게장; 명품모둠어묵; 농심바나나킥; 대니쉬우유동물복지; 재사용봉투 _20L_오산,
e_e001464,가는길에 먹을 음료,0,1,,반달커피,비전동 1038,,,,,1,8500,,4122011800
e_e001482,생수,1,1,4925000373,세븐일레븐,울산 북구 신천로 26,,3172018,3120010500,2023-05-26 18:55,1,700,,
e_e001499,서울재즈페스티벌 티켓,1,2,,,,,,,2023-03-14 00:00,3,375000,제15회 서울재즈페스티벌2023,
e_e001521,월드디제이페스티벌 티켓 3일권,1,1,,,,,,,,1,189000,관람권,
e_e001523,과일과 음료,1,2,1089198223,훈기와 태영이네,서울 동작구 성대로 36,서울 동작구 상도동 256-36,3119007,1159010200,2023-06-03 14:17,1,18500,,
e_e001526,음료;과일;과자,0,4,,트레이더스,트레이더스 연산점,,,,,1,62580,,2647010200
e_e001544,공차 음료수,1,2,6221412166,공차,서울 용산구 한강대로23길 55,,4106418,1117012800,2023-06-04 12:26,1,5900,블랙 밀크티+펄J,
e_e001548,시외버스예매,1,1,,전국고속버스운송사업조합,,,,,2023-05-31 04:04,1,8900,버스비,
e_e001564,경복궁 생과방 예약,1,2,,문화재청궁능유적본부 경복궁관리소,서울 종로구 사직로 161,,3100005,1111011900,2023-06-05 11:40,1,30000,생과방 관람권4-1번; 관람권_초두점증병세트,
e_e001576,주유.음료.군것질.빵,0,3,,홈플러스,,,,,,1,90000,,4311311300
e_e001888,아쿠아필드고양 입장권,1,4,2208742885,(주)야놀자,서울 강남구 테헤란로108길 42,서울 강남구 대치동 1003,4166713,1168010600,2023-06-05 09:47,1,78000,(고양)아쿠아필드 고양 루프탑풀,
e_e001911,꽃갈비살,1,4,1078163829,(주)코스트코 코리아,경기 고양시 일산동구 장백로 25,경기 고양시 일산동구 백석동 1312,3193029,4128510600,2023-06-02 17:13,1,321450,명랑모짜렐라핫도그;스타벅스 베로나;미산냉장꽃갈비살,
e_e001913,고기와 먹거리,1,2,2208160348,홈플러스,경기 수원시 권선구 금곡로 236,,3175011,4111313400,2023-06-02 14:23,1,59120,햄치즈샌드위치;피크닉샌드위치;제주흑돼지묵은지찜;둥근햇반실속8입;롱BBQ용마시멜로우,
e_e001916,김밥 떡 커피 음료,0,3,,김밥파는사람들,,,,,,1,15000,,2729012500
e_e001968,물,0,1,,gs25,gs25,,,,,1,1000,,4157034000
e_e001993,보조배터리,1,1,2018153657,자주,서울 동작구 상도로 96,서울 동작구 상도동 325-4,3119005,1159010200,2023-06-03 19:36,1,29900,작고가벼운 고속충전 보조배터리,
e_e002045,아산스파비스 입장권,1,2,2118841856,(주)티몬,서울 강남구 압구정로 118,서울 강남구 신사동 529-4,3122007,1168010700,2023-04-27 00:00,1,35000,충남 아산 스파비스 입장권,
e_e002045,아산스파비스 입장권,2,2,2208796800,주식회사 스마트인피니,서울 강남구 압구정로42길 27,서울 강남구 신사동 643-22,4166523,1168010700,2023-04-27 00:00,1,35000,"1인 종일이용권(주중/주말,대/소인 공통)",
e_e002066,아쿠아필드 워터파크 이용권,0,2,,아쿠아필드 하남 워터파크,스타필드 하남 3층,,,,,1,68000,,4145010600
e_e002069,아쿠아리움 입장권,0,2,,코엑스 아쿠아리움,513,,,,,1,33000,,1168010500
e_e002069,아쿠아리움 입장권,2,2,1168119948,한국정보통신(주),서울 중구 세종대로 39,,2005001,1114011700,2023-05-09 15:20,1,33000,현대백화점면세점 가족을 위한 특판 안내,
e_e002097,피크닉 용품 대여,1,2,5248601528,네이버파이낸셜,경기 성남시 분당구 정자일로 95,경기 성남시 분당구 정자동 178-4,3180021,4113510300,2023-06-02 00:00,1,25000,피크닉데이,
e_e002136,아메리카노,1,2,2018121515,스타벅스,광주 광산구 상무대로205번길 6,,4289268,2920010100,2023-06-04 09:32,3,10000,I-G)아메리카노,
e_e002141,숙소예약,1,3,,노블레스호텔,서울 노원구 노해로77길 22,서울 노원구 상계동 711-9,4130086,1135010500,2023-05-31 14:06,3,68824,숙박비,
e_e002159,주유,1,1,2688501131,삼미상사(주)서안성,경기 안성시 원곡면 남북대로 1106,경기 안성시 원곡면 칠곡리 581-3,2012004,4155038022,2023-06-04 12:38,1,50000,주유비,
e_e002160,서울대공원 스카이리프트 패키지,1,2,,서울대공원,경기 과천시 대공원광장로 102,경기 과천시 막계동 159-1,3195012,4129010400,,1,0,입장권,
e_e002183,전시회 예매,0,2,,하리보월드|골드베렌의100주년생일기념전,155-2  지하1층,,,,,1,24000,,1111012800
e_e002184,과일(애플망고),0,2,,느영나영,114-11,,,,,3,50000,,5011012600
e_e002186,도시락쌀 재료들,0,2,,길음시장,길음시장,,,,,3,15000,,1129013400
e_e002235,콘서트티켓,1,2,,(주)에스이십칠,서울 강남구 도곡로23길 23,서울 강남구 역삼동 796-12,4166222,1168010100,2023-04-19 00:00,1,121000,2023 성시경의 축가- 관람권,
e_e002236,Ktx,0,2,,오송역,오송가락로 123,,,,,5,74000,,4311325000
e_e002254,편의점 커피,1,1,1010688427,세븐일레븐,서울 종로구 삼봉로 81,,3100006,1111012400,2023-06-05 16:02,1,5000,매일)바리스타에스프레소;해외)에이스밴드S(혼합형),
e_e002255,한우,1,3,1018190575,(주)현대이지웰,서울 서대문구 충정로 23,서울 서대문구 충정로3가 470,3112011,1141010200,2023-06-01 00:00,3,67000,한우1++모듬구이+한우 차돌박이,
e_e002266,양고기,1,2,2628101886,퍼블릭플레이스 주식회사,서울 용산구 새창로 213-12,서울 용산구 한강로2가 2-36,3005018,1117012500,2023-06-02 13:16,1,38800,3개월미만 프렌치랙-양갈비 양고기 밀키트 ,
e_e002266,양고기,3,2,2628101886,퍼블릭플레이스 주식회사,서울 용산구 새창로 213-12,서울 용산구 한강로2가 2-36,3005018,1117012500,2023-06-02 13:16,1,23900,양꼬치-양갈비 양고기 밀키트 캠핑 쉽새끼 샤슬릭 구이 안주,
e_e002272,고기 등 음식류,0,6,,OK마트 양수리점,양수로 151,,,,,3,27080,,4183033000
e_e002283,콘서트 티켓,1,1,2298137000,예스이십사(주),서울 영등포구 은행로 11,서울 영등포구 여의도동 15-15,3118025,1156011000,2023-05-12 20:06,3,157000,관람권,
e_e002283,콘서트 티켓,2,1,,예스24,,,,,2023-05-12 20:05,3,157000,관람권,
e_e002288,연극 행오버 티켓,0,2,,정극장 행오버,대학로12길 69  3층,,,,,1,42000,,1111016800
e_e002375,물,1,2,6178284783,CU,서울 노원구 동일로207길 17,,4130202,1135010600,2023-06-07 09:41,1,2200,새싹보리,
e_e002394,케이크,1,1,3681401692,파리바게뜨,경기 용인시 기흥구 동백중앙로 352,경기 용인시 기흥구 동백동 598-9,3204027,4146311500,2023-05-31 20:57,1,28800,초코딸기반케이크,
e_e002399,고기와 야채 과일 간식류,1,4,1262929839,돌댕이석촌골농가맛집,경기 이천시 호법면 송갈로 102-8,경기 이천시 호법면 송갈리 397,3207029,4150033029,2023-06-04 12:44,1,65000,볏섬만두전골;고등어구이;제육볶음;공기밥,
e_e002399,고기와 야채 과일 간식류,2,4,4138106761,(주)상상초월마트,경기 광주시 초월읍 경충대로 923,경기 광주시 초월읍 산이리 432,2012002,4161025323,2023-06-04 11:19,1,25280,다이소;롯음/펩시콜라PET(대용량);해태/홈런볼초코(번들);천일염으로만든 맛소금;오리온/비쵸비,
e_e002399,고기와 야채 과일 간식류,3,4,6059492487,부잣집 농산물,경기 광명시 오리로 958,경기 광명시 광명동 150-10,3000022,4121010100,2023-06-03 16:55,1,12000,,
e_e002399,고기와 야채 과일 간식류,4,4,1268210349,(사)임금님표이천브랜드관리본부,경기 이천시 모가면 공원로 48,,3207060,4150036030,2023-06-04 13:08,1,8000,ICE_아메리카노;현미라떼 ,
e_e002399,고기와 야채 과일 간식류,5,4,1078163829,(주)코스트코 코리아,경기 광명시 일직로 40,경기 광명시 일직동 163-3,3182031,4121010600,2023-06-03 10:38,1,71900,미산냉장꽃갈비살,
e_e002401,물,0,2,,월드마트,월드할인마트,,,,,1,1500,,2824510700
e_e002402,물,0,2,,GS25,Gs25,,,,,1,1100,,2824510700
e_e002410,빵,0,7,,프랑제리 피어 신촌점,서강로75-16 이랜드 신촌,,,,,1,46500,,1144011100
e_e002433,간식,0,2,,cu,cu,,,,,3,20000,,1132010800
e_e002437,김밥,0,4,,오토김밥공덕점,164-4 삼부골든타워 1층 오토김밥 공덕점,,,,,1,10000,,1144010900
e_e002465,영화관람권,1,1,,롯데시네마 은평(롯데몰),서울 은평구 진관2로 15-40,서울 은평구 진관동 70-1,3111010,1138011400,2023-06-05 09:01,1,30000,관람권,
e_e002471,바베큐 고기,1,3,8261501007,산우들,서울 동작구 동작대로29나길 9,서울 동작구 사당동 91-195,4157128,1159010700,2023-06-13 17:48,1,46700,한돈 목살;한돈 오겹 ,
e_e002495,숙박 식사용 음식,0,15,,이마트 트레이더스 월평점,한밭대로 580,,,,,1,456980,,3017011300
e_e002511,아메리카노,0,1,,빽다방,전농로,,,,,3,3500,,1123010500
e_e002527,커피,1,1,7210901701,식자재마트 마켓탑,인천 서구 검단로 808,인천 서구 불로동 315-5,3000070,2826012100,2023-06-11 08:06,1,2500,서울)스타벅스카페라떼,
e_e002541,커피,1,1,1098541232,맥도날드,서울 강서구 양천로 546,서울 강서구 등촌동 630,3115008,1150010200,2023-06-10 09:26,1,2200,해피-아이스아메리카노,
e_e002570,고기 햇반 라면 김치 음료수 계란 쌈장 일회용품,1,4,2068650913,노브랜드,경기 하남시 위례대로 200,경기 하남시 학암동 660,2000034,4145011600,2023-06-09 21:14,1,62970,칠성사이다;펩시콜라;삼양라면;별미 포기김치;초란,
e_e002570,고기 햇반 라면 김치 음료수 계란 쌈장 일회용품,2,4,2068650913,트레이더스 홀세일 클럽,경기 하남시 위례대로 200,경기 하남시 학암동 660,2000034,4145011600,2023-06-09 20:51,1,377520,CJ햇반;카프리썬 오렌지망고;카스;1등급이상 도드람목심;1등급이상 도드람 냉장,
e_e002574,경기 티켓,1,2,8248102515,(주)인터파크트리플,서울 강남구 삼성로 512,,3122005,1168010500,2023-05-26 00:00,3,103200,서울월드컵경기장 관람권,
e_e002583,고기 왕만두 1개,1,1,1191880055,장수왕만두,서울 관악구 관악로 185,,3120001,1162010100,2023-06-10 15:33,1,1500,고기왕만두 ,
e_e002584,블룸비스타 숙박권,0,4,,블룸비스타,강남로 316,,,,,3,150000,,4183032000
e_e002610,갈비탕; 라면; 계란 등,0,4,,라성마트,라성마트,,,,,1,100000,,4127310800
e_e002638,옷,0,2,,로가디스,로가디스 동해점,,,,,2,480000,,4217010100
e_e002673,웅진플레이도시입장권,0,2,,웅진플레이도시,572-1,,,,,1,59200,,4119010900
e_e002681,내일로패스(기차 교통권),1,1,3148210024,한국철도공사,대전 동구 중앙로 240,,3164033,3011011300,2023-06-15 00:30,1,70000,기차표 ,
e_e002719,여행중 취식할 커피및 빵류,1,4,2016400401,GS25,경기 시흥시 포도원로116번길 26,경기 시흥시 신천동 863-9,4397629,4139010200,2023-06-10 09:01,3,5400,바리스타라떼,
e_e002719,여행중 취식할 커피및 빵류,2,4,4863001326,파리바게뜨,경기 시흥시 신천3길 23-1,경기 시흥시 신천동 761-1,4397407,4139010200,2023-06-09 12:54,1,11800,우유가좋은뽀로로케익;생크림폭탄도넛;부드러운 우유모닝롤;시크릿쥬쥬 치어팩;공룡메카드오렌지,
e_e002728,에버랜드 입장권,1,2,1358504288,삼성물산(주) 에버랜드리조트 ,경기 용인시 처인구 포곡읍 에버랜드로 199,,3203081,4146125027,2023-06-02 00:18,1,36900,에버랜드 종일권,
e_e002728,에버랜드 입장권,2,2,,,,,,,2023-06-02 00:19,1,36900,에버랜드 종일권,
e_e002736,공연 티켓 온라인 예매,1,1,,장충체육관,서울 중구 동호로 241,서울 중구 장충동2가 200-102,3005001,1114014400,2023-06-17 18:00,1,0,관람권 ,
e_e002756,크록스,1,1,2018132195,(주)신세계백화점,서울 영등포구 영중로 9,서울 영등포구 영등포동4가 434-5,3118024,1156010500,2023-06-06 00:00,1,62900,,
e_e002767,각종 식재료; 고기; 야채 등,0,11,,홈플러스계산점,1061,,,,,1,322300,,2824510200
e_e002782,먹을것,1,4,,이마트,,,,,,1,168460,체리외,
e_e002784,콘서트예매,1,1,2298137000,예스24,서울 영등포구 은행로 11,서울 영등포구 여의도동 15-15,3118025,1156011000,2023-06-09 02:48,3,157000,관람권,
e_e002793,아쿠아필드 고양 입장권,1,1,2208742885,(주)야놀자,서울 강남구 테헤란로108길 42,서울 강남구 대치동 1003,4166713,1168010600,2023-06-13 00:25,1,19000,아쿠아필드 고양 찜질스파,
e_e002915,먹거리,1,2,2208160348,홈플러스,서울 강동구 양재대로 1571,서울 강동구 천호동 42,2000006,1174010900,2023-06-18 12:17,1,72780,국산콩두부찌개용;구이용_모둠버섯(팩);농심무파마탕면;햇반흑미밥;코카콜라제로,
e_e002923,식사 재료,1,3,2068650913,이마트,경기 하남시 덕풍서로 70,경기 하남시 덕풍동 736,3202019,4145010800,2023-06-24 10:51,1,41350,재사용종량제봉투;페로니캔;삿포로캔;아사히 슈퍼드라이;(A)파머스픽 새송이,
e_e002923,식사 재료,2,3,2068650913,이마트,경기 하남시 덕풍서로 70,경기 하남시 덕풍동 736,3202019,4145010800,2023-06-24 10:36,1,57660,농심 자갈치;농심닭다리너겟;농심 포스틱;(A)파머스픽 아삭이;CJ허브솔트,
e_e002923,식사 재료,3,3,1208800767,쿠팡(주),서울 송파구 송파대로 570,서울 송파구 신천동 7-30,2005011,1171010200,2023-06-21 10:06,1,47880,고메 호주산 프리미엄 숄더랙 구이용 (냉동),
e_e002928,돼지고기;수박;참외,0,1,,코스트코코리아,일직로40,,,,,1,178740,,4121010600
e_e002935,숙소에서 먹을 재료들 구매(장보기),1,6,6791401461,용가리마트 수원점,경기 수원시 권선구 여기산로 2,경기 수원시 권선구 서둔동 243-6,3175036,4111313100,2023-06-17 10:09,1,94600,진로이즈백;아이키커/사과;별빛청하스파클링;홈런볼4번들;농심고구마깡,
e_e002939,음료,0,1,,스타벅스세류점,세류동 325-1,,,,,1,10800,,4111312600
e_e002972,도킹형 보조배터리,1,1,8158101244,11번가,서울 중구 한강대로 416,,2005005,1114011800,2023-06-20 22:12,1,26300,액티몬 PD 20W 고속 미니 보조배터리 C타입;배송비,
e_e002984,휴지,0,2,,Gs슈퍼마켓,경기 포천시 중앙로 165,,,,,1,700,,4165010100
e_e003000,인천시티투어 레트로투어 이용권,1,1,,인천시티투어,인천 연수구 인천타워대로 234,인천 연수구 송도동 24-7,2152003,2818510600,2023-06-20 22:49,1,2500,버스표 ,
e_e003002,아이스 넥쿨러,1,1,2508601952,주식회사 라온브라더스,충북 청주시 흥덕구 강내면 서부로 180-67,충북 청주시 흥덕구 강내면 태성리 220-1,3014066,4311331027,2023-07-06 17:51,1,16600,고양이 쿨링 아이스 넥쿨러,
e_e003020,공연티켓,0,2,,(주)인터파크트리플,서울시 강남구 삼성로 512 삼성동빌딩 10층,,,,,4,335200,,1168010500
e_e003023,저녁식사 준비(햇반 소시지 등),1,4,2618123567,마켓컬리,서울 강남구 테헤란로 133,,3122010,1168010100,2023-07-06 22:52,1,91200,,
e_e003039,1박2일에 필요한 각종 음료,0,1,,이미트 별내점,순화궁로167,,,,,1,160000,,4136011100
e_e003080,와인,0,1,,마우로아,능동로 320  101호 마우로아,,,,,3,35000,,1121510100
e_e003095,워터파크이용권,0,4,,(주)야놀자,테헤란로 108길 42,,,,,1,68000,,1168010100
e_e003097,500ml 물 2병(보리차;옥수수차),0,2,,GS25용인명지대점,명지로116번길 8,,,,,1,2000,,4146110400
e_e003102,숙박예약(더블트리호텔),0,2,,더블트리힐튼호텔,정자동4,,,,,1,264650,,4113510300
e_e003103,고기 음료수 과자 커피 아이스크림 라면,1,4,2982201030,순수한우,경남 양산시 중앙로 232,경남 양산시 북부동 148-19,3338098,4833010400,2023-06-16 11:17,1,13000,,
e_e003103,고기 음료수 과자 커피 아이스크림 라면,2,4,5858100330,(주)한국유통마트,경기 고양시 일산서구 경의로 957,,3012061,4128710500,2023-06-15 16:31,1,54800,해태)누가바;삼강테트리스바;초코퍼지;쿠앤크바;탱글리치바,
e_e003115,첫째날 저녁식사거리 음료,1,3,6128223118,안산농협 연꽃 로컬푸드,경기 시흥시 동서로 770,,3199013,4139012200,2023-06-24 14:08,1,39760,햇반;비비고 육개장;청정원 순창쌈장;로스팅 잠뽕 홍게;코카콜라제로,
e_e003138,커피,1,1,1833001072,팔공티,서울 강서구 화곡로34길 23,서울 강서구 화곡동 61-9,4145517,1150010300,2023-07-01 12:56,1,1500,I)아메리카노(기본) ,
e_e003162,공연 입장권,0,1,,인터파크 티켓,10 서울종합운동장,,,,,5,204200,,1171010100
e_e003175,바베큐 재료들,1,1,1208800767,(주)쿠팡,서울 송파구 송파대로 570,서울 송파구 신천동 7-30,2005011,1171010200,2023-06-26 00:00,1,52890,곰곰 국내산 아스파라거스;곰곰 모짜렐라 피자치즈;국내산 백오이;국내산 무;친환경 새송이버섯,
e_e003184,캠프파이어 장작,0,2,,고릴라캠핑,272-2,,,,,1,8000,,4139010500
e_e003190,바베큐장 예약,0,2,,행복한캠핑바베큐본점,장암리204-7,,,,,5,20000,,4165038000
e_e003196,수영복,1,1,4118601799,토스페이먼츠 주식회사,서울 강남구 테헤란로 131,서울 강남구 역삼동 647-9,3122010,1168010100,2023-06-12 00:56,3,23647,,
e_e003198,아이스박스; 냉동 젤,0,1,,다이소 개봉,다이소 개봉역점,,,,,1,6000,,1153010700
e_e003210,바베큐 대여료,1,2,,,,,,,2023-06-22 21:24,3,30000,바베큐 장비 대여,
e_e003212,갈바니아 유기농탄산음료,1,1,1268642500,(주)서경,경기 하남시 하남대로195번길 12,,4406253,4145010500,2023-06-07 17:19,1,33900,갈바니나 유기농 탄산음료6종 내맘대로 믹스팩,
e_e003235,식재료 및 간식,1,5,5328502123,(주)샤인유통,인천 부평구 방축로 429,인천 부평구 십정동 558-29,3150035,2823710200,2023-06-30 20:43,1,54050,청정원 참훈고소;대파(국내산);CJ)햇반박스;코카)콜라;농심 파워오투,
e_e003269,고기 아채 소세지,1,8,1208800767,쿠팡(주),서울 송파구 송파대로 570,서울 송파구 신천동 7-30,2005011,1171010200,2023-06-17 21:48,1,87050,곰곰쌈무;캠프렌즈 비바크부어스소시지;공공 친환경 적상추+청상추+깻잎;도드람한돈1등급삼겹살구이용(냉장),
e_e003271,딥스테이션 입장권,0,1,,딥스테이션,523,,,,,5,66000,,4146125000
e_e003279,선풍기,0,1,,다이소,올림픽로 74,,,,,1,5000,,1171010200
e_e003289,오버워치 리그 관람권,0,2,,오버위치 리그 관람권,경기 고양시 일산서구 킨텍스로 217-59 (우)10390  지번: 대화동 2700,,,,,1,40000,,4128710400
e_e003291,ITX 승차권,1,2,3148210024,한국철도공사 ,대전 동구 중앙로 240,,3164033,3011011300,2023-07-07 14:05,1,5700,기차표,
e_e003291,ITX 승차권,3,2,3148210024,한국철도공사,대전 동구 중앙로 240,,3164033,3011011300,2023-06-14 09:25,1,5700,기차표,
e_e003300,손선풍기,0,1,,JAJU 신세계백화점대구점,1506-2,,,,,1,20000,,2714010200
e_e003311,수영복,1,1,5508600867,주식회사 브랜드엑스코퍼레이션,경기 성남시 분당구 정자일로 95,경기 성남시 분당구 정자동 178-4,3180021,4113510300,2023-06-12 06:55,1,41565,,
e_e003324,김밥,1,4,5152501348,일등김밥,인천 서구 가정로 437,인천 서구 가정동 0,3156005,2826010800,2023-06-17 13:51,1,6000,원조김밥,
e_e003337,플랜잇 큐패스; 발렛파킹 사전구매,0,3,,에버랜드,에버랜드,,,,,2,141000,,4146125000
e_e003341,비키니,1,1,,,,,,,2023-06-21 22:46,1,38000,,
e_e003349,배구경기 응원용품,1,2,5248601528,NAVER FINANCIAL ,경기 성남시 분당구 정자일로 95,경기 성남시 분당구 정자동 178-4,3180021,4113510300,2023-06-23 00:00,1,10400,대한민국 국기 태극기 한국 월드컵 응원 도구 머플러 외 1건,
e_e003356,등산 스틱,1,1,2048626488,주식회사 캠프맨,서울 광진구 능동로50길 8,,4112167,1121510100,2023-06-21 12:10,1,65000,블랙다이아몬드 트레일 익스플로러3 스틱 등산,
e_e003371,서울-울진 왕복 시외버스표,1,2,1048183559,㈜티머니 ,서울 중구 후암로 110,서울 중구 남대문로5가 581,3101024,1114011800,2023-07-03 08:12,1,69400,버스비,
e_e003371,서울-울진 왕복 시외버스표,2,2,1048183559,(주)티머니,서울 중구 후암로 110,서울 중구 남대문로5가 581,3101024,1114011800,2023-07-04 14:10,1,69400,버스표 ,
e_e003402,문도멘도 전시 티켓,0,2,,그라운드시소 서촌,18-8,,,,,5,15000,,1111010600
e_e003411,에버랜드 오후권 티켓 2장,1,2,2118841856,㈜티몬 ,서울 강남구 압구정로 118,서울 강남구 신사동 529-4,3122007,1168010700,2023-06-20 00:00,3,64000,용인 에버랜드 오후이용권,
e_e003415,유부초밥,0,2,,이마트,637,,,,,4,5980,,4136010100
e_e003417,공연티켓,1,1,8248102515,주식회사 인터파크,서울 강남구 삼성로 512,서울 강남구 삼성동 157-1,3122005,1168010500,2023-05-26 00:00,3,154000,관람권,
e_e003433,프리다이빙 수강권,1,3,7038602284,주식회사 고고다이브(GOGODIVE Corp.),경기 하남시 미사강변서로 25,경기 하남시 풍산동 489,3202057,4145011000,2023-06-12 12:00,1,118000,프리다이빙 체험 강습,
e_e003439,키링 귀걸이,1,1,1078657147,스토리웨이,충북 청주시 흥덕구 오송읍 오송가락로 123,,3240054,4311325031,2023-07-07 18:08,1,33700,귀걸이;키링,
e_e003440,장보기,0,3,,백제한우,백제한우,,,,,3,80000,,4611016400
e_e003442,에이치가든 점심 뷔페,1,2,,테이크호텔 에이치가든,경기 광명시 신기로 22,경기 광명시 일직동 512-3,3187068,4121010600,2023-06-16 15:27,1,88400,,
e_e003468,김밥,1,2,2973900604,삼형제김밥,서울 동대문구 전농로11길 65,서울 동대문구 답십리동 242-11,4115426,1123010500,2023-06-18 10:30,1,13000,원조 유부김밥;와사비참치 유부김밥;김치 유부김밥,
e_e003469,서울랜드 입장 티켓,1,2,1388104654,주식회사 서울랜드,경기 과천시 광명로 181,,3195056,4129010400,2023-06-25 00:00,1,35800,더블할인 야간권,
e_e003483,콜라,0,1,,롯데마트 천천점,525,,,,,1,2000,,4111113300
e_e003502,닭강정,1,2,1671102307,큰집닭강정 사당점,서울 동작구 사당로16길 7,서울 동작구 사당동 318-13,4157236,1159010700,2023-06-17 20:04,3,7000,,
e_e003506,야구 관람 티켓,1,3,1448125090,티켓링크,경기 성남시 분당구 대왕판교로645번길 16,경기 성남시 분당구 삼평동 629,4340055,4113510900,2023-06-24 22:29,1,52000,,
e_e003506,야구 관람 티켓,2,3,1448125090,엔에이치엔링크 주식회사,경기 성남시 분당구 대왕판교로645번길 16,경기 성남시 분당구 삼평동 629,4340055,4113510900,2023-06-24 02:12,1,52000,,
e_e003514,클렌징폼;클렌징오일,0,1,,세븐일레븐,서울특별시 관악구 남부순환로1951  세븐일레븐 낙성대점,,,,,1,10400,,1162010100
e_e003515,바이크 커버,1,1,1098652454,(주)보냄,인천 부평구 청천마차로 90-1,인천 부평구 청천동 383-10,3154055,2823710400,2023-06-22 15:48,1,21900,배런 옥스포드 210D 오토바이커버,
e_e003518,애버랜드 입장권 사전 구매,1,1,2208742885,(주)야놀자,서울 강남구 테헤란로108길 42,서울 강남구 대치동 1003,4166713,1168010600,2023-06-17 00:00,1,64000,(특가)B시즌_에버랜드 종일권(~7/31) 외 1건 ,
e_e003527,반딧불이 예매,0,1,,화담숲,도척윗로 278-1,,,,,1,20000,,4161033000
e_e003549,김밥재료 이온음료 과자 과일등,1,3,2068650913,이마트,서울 중구 세종대로7길 37,서울 중구 순화동 53,4103202,1114016800,2023-06-17 00:00,1,37596,[대림]프리미엄조기사각;백오이;[대림]크라비아;[일가집]비타 김밥 단무지;시골 구운 김밥김,
e_e003574,공연 관람티켓 예매,1,1,2208802594,(주)카카오엔터테인먼트,경기 성남시 분당구 판교역로 221,,3179025,4113510900,2023-05-23 00:00,1,134000,2023 크라잉넛 전국투어 -서울,
e_e003576,남이섬 입장권,1,2,,남이섬,강원특별자치도 춘천시 남산면 남이섬길 1,,4454832,5111040030,2023-07-05 00:00,1,29500,남이섬 입장권,
e_e003580,야외 바베큐 테이블 3인,1,3,,주식회사 글램313,경기 고양시 덕양구 행주산성로 127-23,경기 고양시 덕양구 행주외동 161-1,3192074,4128112600,2023-05-22 00:00,1,117000,야외테이블 바베큐패키지 ,
e_e003593,한복대여 티켓,1,2,5248601528,NAVER FINANCIAL,경기 성남시 분당구 정자일로 95,경기 성남시 분당구 정자동 178-4,3180021,4113510300,2023-06-30 10:50,1,14000,[종로]경복궁 한복대여,
e_e003609,흠뻑쇼 티켓팅 진행,1,2,8248102515,주식회사 인터파크,서울 강남구 삼성로 512,,3122005,1168010500,2023-06-08 00:00,1,335200,싸이흠뻑쇼 관람권 ,
e_e003611,등받이 의자,1,1,5248601528,네이버파이낸셜,경기 성남시 분당구 정자일로 95,경기 성남시 분당구 정자동 178-4,3180021,4113510300,,1,50800,,
e_e003615,주류&와인박람회 입장권,1,2,1138638602,주시회사 스마틱스,서울 영등포구 경인로 775,서울 영등포구 문래동3가 55-20,3000028,1156012100,,1,35000,[사전등록]서울국제주류와인박람회 2023,
e_e003640,롯데월드 입장권; 머리띠,0,2,,롯데월드,서울 송파구 올림픽로 240,,,,,5,71000,,1171010100
e_e003663,김밥,1,3,2390501465,고봉민김밥,대전 서구 문정로48번길 52,대전 서구 탄방동 645,4298367,3017010600,2023-07-01 12:22,1,8600,,
e_e003716,아쿠아 슈즈,1,2,4031547305,팔마레포츠,전북 익산시 오산면 무왕로2길 321-59,전북 익산시 오산면 장신리 161-12,4607419,4514031022,2023-06-16 21:27,1,2743,핫세이버 아쿠아삭스 수상 빠지 워터파크 물놀이 수영장 실리콘 돗팅 멀티 아쿠아슈즈,
e_e003726,곱창전골,0,4,,길목선산곱창,893,,,,,5,70000,,1150010900
e_e003729,영국 내셔널갤러리 명화전 티켓,1,1,1448125090,엔에이치엔링크,경기 성남시 분당구 대왕판교로645번길 12,경기 성남시 분당구 삼평동 629,4340055,4113510900,2023-06-20 00:00,3,18000,입장권,
e_e003741,물,1,1,7395000312,세븐일레븐,경기 안산시 상록구 석삼말로 181,경기 안산시 상록구 이동 530-18,3190038,4127110200,2023-06-24 11:28,1,700,,
e_e003753,사트레봉 예약,1,3,,사트레봉 ,경기 남양주시 화도읍 북한강로1115번길 30,경기 남양주시 화도읍 금남리 758,4391350,4136025625,2023-06-21 00:00,1,70000,바베큐캠프 디너,
e_e003783,수영복,1,1,1238645226,주식회사 벤디스코리아,경기 군포시 엘에스로91번길 76,경기 군포시 금정동 692-9,4400294,4141010500,2023-06-26 23:10,1,20698,초코칩 프릴 모노키니,
e_e003807,아이스아메리카노 1 바닐라라떼 1,1,2,7010901880,메가커피,경기 광주시 경충대로1422번길 10,경기 광주시 쌍령동 353-34,4433033,4161010200,2023-07-01 14:54,1,5400,[포장](ICE)아메리카노;[포장](ICE)바닐라라떼,
e_e003810,던킨도너츠,0,2,,던킨도너츠,가정로 394,,,,,1,21000,,2826010800
e_e003819,에버랜드 티켓구매,1,1,7428600224,㈜여기어때컴퍼니 ,서울 강남구 봉은사로 479,,3122004,1168010500,2023-06-03 10:46,3,26900,에버랜드 종일권,
e_e003842,영화티켓,1,2,,롯데시네마,경기 광명시 일직로 17,경기 광명시 일직동 500,3182031,4121010600,2023-06-22 12:41,1,30000,관람권 ,
e_e003844,떡케이크,1,6,4595100499,모드니케이크(modeny cake),서울 강동구 고덕로83길 44,서울 강동구 고덕동 188,4172035,1174010200,2023-06-24 13:14,1,83000,3호케이크;꿀필링,
e_e003845,수영모자,0,2,,쿠팡,송파대로570,,,,,1,11460,,1171010200
e_e003857,각종 음식,1,3,1328207214,가평군농협하나로마트 청평점,경기 가평군 청평면 구청평로 88,경기 가평군 청평면 청평리 619-2,3216005,4182032521,2023-06-24 15:09,1,154220,,
e_e003882,캐리비안베이 입장권,1,1,1358504288,캐리비안베이,경기 용인시 처인구 포곡읍 에버랜드로 199,경기 용인시 처인구 포곡읍 전대리 310,3203081,4146125027,2023-06-25 14:11,1,58000,하이시즌 종일권/오후권,
e_e003886,튜브 야광봉,1,4,6061497260,예광 INT,부산 사상구 학장로 320,부산 사상구 주례동 1162-39,3139021,2653010600,2023-06-14 14:32,1,5496,워터 해먹 물놀이 용품,
e_e003886,튜브 야광봉,3,4,1208800767,(주)쿠팡,서울 송파구 송파대로 570,서울 송파구 신천동 7-30,2005011,1171010200,,1,13350,LED 양광팔찌,
e_e003894,커피,1,1,4060294369,이마트24,인천 부평구 아트센터로 32,인천 부평구 십정동 475-6,3154041,2823710200,2023-06-26 13:20,1,2200,아임이)이프레쏘빅아이스컵;시그니처블랙230,
e_e003896,에버랜드 입장권,0,3,,에버랜드,에버랜드로199,,,,,4,15000,,4146125000
e_e003898,고기 쌈채소 라면 음료수 참기름,1,2,8708801143,(주)에스에스지닷컴,서울 강남구 테헤란로 231,서울 강남구 역삼동 676,3122010,1168010100,2023-06-21 02:31,1,39728,오뚜기 고소한참기름 외 7건,
e_e003929,산도ㆍ커피ㆍ파인애플ㆍ유부초밥ㆍ레몬음료수ㆍ로봇,1,1,1258515468,GS THE FRESH,경기 안성시 중앙로 430,경기 안성시 영동 410,3208066,4155010300,2023-07-21 17:53,1,27340,마그넷터닝변신로봇;산도딸기크림치즈;썬키스트탄산레몬;고소한유부초밥;스위티오 파인애플,
e_e003933,주유,1,2,1318104731,(주)박문석유구월주유소,인천 남동구 인주대로 512,인천 남동구 구월동 1120-10,2008004,2820010100,2023-06-24 13:49,1,30000,주유비,
e_e003968,보조배터리,1,2,1208800767,쿠팡(주),서울 송파구 송파대로 570,서울 송파구 신천동 7-30,2005011,1171010200,2023-06-23 00:00,1,8750,하마다 도킹형 미니 5000mAh 보조배터리 C타입,
e_e003975,바베큐 재료,1,9,1078163829,(주)코스트코 코리아,경기 고양시 일산동구 장백로 25,경기 고양시 일산동구 백석동 1312,3193029,4128510600,2023-06-24 14:07,1,179200,무농약새송이버섯;소금버터빵;친환경상추;트리플소시지롤;미국산체리,
e_e004053,영화티켓,1,1,3138700979,롯데시네마 ,경기 남양주시 별내중앙로 10,경기 남양주시 별내동 1005,3197091,4136011100,2023-06-27 09:47,1,0,관람권,
e_e004066,뮤지컬티켓,1,1,8248102515,(주)인터파크,서울 강남구 삼성로 512,,3122005,1168010500,2023-06-30 13:18,1,111000,,
e_e004073,글램핑 저녁 메뉴 구매(살치살.실론티.양파.대파.파프리카.깐마늘.돼지고기.슬라이스치즈.파인애플.오이.명란.콜라.김치.물놀이 용품),1,2,2068650913,이마트,경기 수원시 영통구 광교로 191,경기 수원시 영통구 이의동 1240,3177021,4111710300,2023-06-29 20:13,1,174480,3M먼지제거티슈90매; 라인프렌즈 비치타월; 감자톡매콤달콤; 수박 이중튜브; 미니파프리카(봉),
e_e004074,없음. 집에 있는 생수와 보조가방 챙김.,0,1,,미구매,별내3로 64-16  별빛마을 3-6단지,,,,,4,0,,4136011100
e_e004101,과자 음료,0,2,,ms마트 후평점,후석로 326번길 14,,,,,1,11000,,4211012000
e_e004141,흠뻑쇼티켓,1,2,8248102515,주식회사 인터파크,서울 강남구 삼성로 512,,3122005,1168010500,2023-06-12 00:00,3,313200,관람권,
e_e004154,얼리버드티켓,1,2,5248601528,네이버파이낸셜 주식회사,경기 성남시 분당구 정자일로 95,경기 성남시 분당구 정자동 178-4,3180021,4113510300,,1,20000,,
e_e004214,커피,1,2,3257000241,매머드 익스프레스,서울 중구 퇴계로 192,서울 중구 필동1가 35-1,3101011,1114013700,2023-07-01 10:34,1,2800,아메리카노  ICE M;아메리카노  ICE S,
e_e004222,티켓,1,2,2618123567,주식회사 컬리,서울 강남구 테헤란로 133,,3122010,1168010100,,1,15600,[입장권]2023 컬리 푸드 페스타 얼리버드 티켓(1인권),
e_e004234,커피,0,2,,스타벅스 광명역점,양지로 16,,,,,1,10500,,4121010600
e_e004254,싸이 흠뻑쇼 티켓,0,2,,싸이 흠뻑쇼 2023 잠실종합운동장,,,,,,1,308000,,1171010100
e_e004281,VNL 7월 1일자 종일권 티켓,1,2,,,,,,,2023-06-14 00:00,1,60000,관람권,
e_e004310,소고기 구이용,0,3,,이마트 창동점,창동 이마트에서 구이용 소고기 구매 1.6키로,,,,,1,100000,,1132010700
e_e004324,장어,1,2,1078163829,(주)코스트코 코리아,서울 중랑구 망우로 336,서울 중랑구 상봉동 81,3005032,1126010200,2023-07-06 20:56,1,158630,EIDER남반소매티;KS토티야 칩;뉴디너롤;허니글로우파인애플;생물민물장어,
e_e004369,오마카세 예약권,0,2,,오사이초밥,인천 연수구 아트센터대로 149 커낼워크 봄동 102동 115호,,,,,1,38000,,2818510600
e_e004372,전시회 예매,1,1,5248601528,네이버파이낸셜,경기 성남시 분당구 정자일로 95,경기 성남시 분당구 정자동 178-4,3180021,4113510300,2023-07-02 00:00,1,20000,스니커즈 언박스드 서울 ,
e_e004373,김밥,1,1,4122878078,김밥바라기,경기 수원시 장안구 만석로19번길 11-7,경기 수원시 장안구 천천동 528-3,4322088,4111113300,2023-06-30 12:59,1,9600,청양제육;참치,
e_e004380,홀리몰리축제티켓,1,4,2118841856,(주)티몬,서울 강남구 압구정로 118,서울 강남구 신사동 529-4,3122007,1168010700,2023-06-28 00:00,1,75600,송도 달빛축제  키즈페스티벌 입장권,
e_e004381,커피,1,1,3440502470,온도85,강원특별자치도 춘천시 우묵길 32,강원특별자치도 춘천시 퇴계동 1192-8,4454543,5111012300,2023-07-01 14:44,1,3000,,
e_e004395,전시  입장권,1,2,1188120586,카페24(주),서울 동작구 보라매로5길 15,,4160385,1159010900,2023-06-07 14:15,1,25000,,
e_e004395,전시  입장권,2,2,2118879575,(주)무신사,서울 성동구 아차산로13길 11,서울 성동구 성수동2가 277-47,4109389,1120011500,2023-06-20 15:36,1,20000,,
e_e004416,아쿠아삭스,0,3,,올리민,36-1  715호,,,,,1,5970,,4159012800
e_e004417,스포츠 몬스터 티켓,0,1,,스포츠몬스터 고양점,370,,,,,1,37000,,4128111200
e_e004422,장어.삼겹살. 목살,0,8,,어업회사법인 백두수산 주식회사,강변로467,,,,,1,214600,,4122034000
e_e004423,주유비,1,2,3358603135,실로암엘피지충전소(주),경기 김포시 고촌읍 개화동로 245,,3000011,4157025325,2023-07-14 10:54,1,22731,주유비 ,
e_e004432,승마예약,1,2,1244731876,홀스메이트,경기 화성시 매송면 화성로 2337-6,경기 화성시 매송면 원평리 227-1,3210128,4159031022,2023-07-07 15:08,1,120000,입장권,
e_e004434,입장권,0,2,,수원월드컵경기장 보조경기장,,,,,,5,330000,,4111514000
e_e004449,튜브,1,5,7600402660,송화컴퍼니,경기 수원시 영통구 영통로 232,경기 수원시 영통구 영통동 973-3,3177018,4111710500,2023-07-03 17:46,1,3000,산리오 시나모롤 튜브 포켓몬 튜브 쿠로미 캐치티니핑 캐릭터 치이카와 물놀이 수영 손잡이,
e_e004451,신라스테이 뷔페,0,1,,신라스테이 뷔페,신라스테이 광화문카페,,,,,4,135000,,1111012600
e_e004482,수영복,0,4,,엔씨백화점,689번지,,,,,2,100000,,1150010200
e_e004505,축구관람권,1,2,,엔에이치엔케이씨피 주식회사,서울 구로구 디지털로26길 72,서울 구로구 구로동 222-22,4148327,1153010200,2023-06-28 13:25,1,284000,,
e_e004525,생수 2병,0,2,,롯데마트 삼산점,삼산 롯데마트,,,,,1,1000,,2823710500
e_e004552,바베큐 재료 및 주류,1,4,1308130629,이마트,경기 부천시 부천로 1,경기 부천시 심곡본동 316-2,3184003,4119011100,2023-07-06 20:09,1,245500,"크라운참크래커15개입;CJ 삼호어묵 쫄깃 꼬;NB)오리지널닭꼬치560;(G)흰다리새우(대,해;(G)미국냉장초이스꽃",
e_e004557,국립중앙박물관 티켓,0,2,,국립중앙박물관,국립중앙방물관,,,,,1,18000,,1117013500
e_e004588,테르메덴 입장료2인,1,2,2118841856,(주)티몬,서울 강남구 압구정로 118,서울 강남구 신사동 529-4,3122007,1168010700,2023-07-05 00:00,1,48420,이천 테르메데 풀앤스파 종일권,
e_e004589,롯데월드타워 아쿠아리움+서울스카이,1,2,7358700558,케이케이데이 주식회사,서울 강남구 테헤란로 507,서울 강남구 삼성동 157-37,3122010,1168010500,2023-07-04 09:00,1,87000,잠실 롯데월드 아쿠아리움 할인 입장권,
e_e004612,방수팩,1,2,1208800767,(주)쿠팡,서울 송파구 송파대로 570,서울 송파구 신천동 7-30,2005011,1171010200,2023-07-13 17:54,1,8190,,
e_e004623,솜씨당을 통해 원데이 베이킹 클래스 사전구매,0,2,,솜씨당컴퍼니,71-17,,,,,4,56000,,1144011500
e_e004640,간식: 쿠키,1,1,4634900194,위니,충북 청주시 상당구 수영로 360,충북 청주시 상당구 용정동 1286,3236035,4311112500,2023-07-07 16:13,3,23200,,
e_e004675,식품,1,4,1379137170,신토푸줏간,인천 서구 청마로 163,,3156078,2826011400,2023-07-07 13:12,1,103400,양념육;삼겹살 국내산;등갈비 국내산,
e_e004675,식품,2,4,2068650913,이마트,인천 서구 서곶로 754,,3156046,2826011400,2023-07-07 12:54,1,87250,해표순창궁발아콩양념;알프스가스;맥스X그러플렉스  캡;롯데칠성6+1캔 골라;NB)데리야끼닭꼬치,
e_e004678,Itx 청춘 철도 교통비,1,2,3148210024,한국철도공사,대전 동구 중앙로 240,대전 동구 소제동 293-74,3164033,3011011300,2023-07-06 19:17,1,5700,기차표,
e_e004678,Itx 청춘 철도 교통비,3,2,3148210024,한국철도공사,대전 동구 중앙로 240,,3164033,3011011300,2023-07-10 12:48,1,5700,기차표 ,
e_e004688,Itx 티켓,1,2,3148210024,한국철도공사,대전 동구 중앙로 240,대전 동구 소제동 293-74,3164033,3011011300,2023-07-05 19:26,1,8300,기차표,
e_e004722,뮤지컬 티켓,1,1,5248601528,NAVER FINANCIAL,경기 성남시 분당구 정자일로 95,경기 성남시 분당구 정자동 178-4,3180021,4113510300,2023-07-08 14:00,1,44000,뮤지컬 베르나르다 알바 관람권,
e_e004773,생수,1,1,2460101989,CU,경기 가평군 설악면 어비산길 8,경기 가평군 설악면 가일리 190-12,4448181,4182031032,2023-07-06 17:45,1,8700,카스라이트캔;샌)햄에그치즈;김)백종원더블까스;친환경봉투판매용,
e_e004782,음료,0,1,,슈퍼마켓,하안주공8단지,,,,,3,3000,,4121010100
e_e004815,고기; 간식,0,3,,롯데마트,서초대로38길 12,,,,,1,55000,,1165010800
e_e004843,돼지고기; 쌀,0,3,,대방할인마트,39-2 희래등1층 대방할인마트,,,,,1,66310,,1159010800
e_e004859,화담숲 입장권,1,4,1268211896,화담숲,경기 광주시 도척면 도척윗로 278-1,,3211012,4161033026,2023-07-20 11:19,1,44000,입장권,
e_e004879,숙소,4,2,6048100854,천일고속,부산 서구 구덕로 102-1,,3006005,2614012000,2023-07-17 20:54,1,40600,버스표,
e_e004881,서울-대소 버스 예매,2,4,1048183559,주식회사 티머니 ,서울 중구 후암로 110,서울 중구 남대문로5가 581,3101024,1114011800,2023-07-13 10:10,1,29200,버스표,
e_e004882,공연관람 티켓 및 빕스 할인권,1,1,8248102515,주식회사 인터파크,서울 강남구 삼성로 512,,3122005,1168010500,2023-04-28 00:00,1,136200,관람권 ,
e_e004882,공연관람 티켓 및 빕스 할인권,2,1,8158101244,11번가(주),서울 중구 한강대로 416,,2005005,1114011800,2023-06-27 10:47,1,3000,"빕스 15,000원 할인권",
e_e004931,경기관람티겟,1,3,1448125090,엔에이치엔링크(주),경기 성남시 분당구 대왕판교로645번길 16,경기 성남시 분당구 삼평동 629,4340055,4113510900,2023-06-28 13:51,1,123000,[쿠팡플레이 시리즈]맨시티 vs AT마드리드,
e_e004941,아이스아메리카노,1,1,1131857158,컴포즈커피,서울 구로구 디지털로32길 87,,4148337,1153010200,2023-07-08 12:07,1,1500,아메리카노(ICE) ,
e_e004945,캐리비안베이 입장권 2장,1,2,2208742885,(주)야놀자,서울 강남구 테헤란로108길 42,서울 강남구 대치동 1003,4166713,1168010600,2023-07-14 09:42,1,40000,캐리비안베이 골드2시즌 종일권/오후권,
e_e004945,캐리비안베이 입장권 2장,2,2,2208742885,(주)야놀자,서울 강남구 테헤란로108길 42,서울 강남구 대치동 1003,4166713,1168010600,2023-07-14 09:41,1,40000,[용인]캐리비안베이 골드2시즌 종일권/오후권(~8/20),
e_e004952,커피,1,2,2018121515,스타벅스,세종특별자치시 아름서1길 13-9,세종특별자치시 아름동 1329,4853214,3611011300,2023-07-08 10:04,3,6500,I-V)아메리카노,
e_e004961,관람권,1,3,1268214350,재단법인 두양문화재단,경기 양평군 강하면 강남로 370-1,경기 양평군 강하면 전수리 528-1,3217033,4183032026,2023-07-22 14:05,1,42000,사일로랩미디어아트 전'AMBIENCE 앰비언스',
e_e005025,스낵면 5입,0,1,,Gs편의점 아현이편한점,1015,,,,,1,4000,,1141011000
e_e005110,오리고기 과자 수박 고추 라면 소세지 새우 삼겹살,1,4,5558601314,주식회사케이원식자재마트,경기 용인시 기흥구 민속촌로 23,,3204030,4146310500,2023-08-04 19:15,1,136720,해태)갈배사이다;오뚜기)열라면 용기;코카)씨그램 플레인;하이포크 오겹살;박스수박,
e_e005160,빵,1,3,6292201272,오르리단팥빵(이스타빌),서울 양천구 목동서로 377,,3114003,1147010100,2023-07-17 11:49,1,13300,몽블랑;초코스콘;소고기매운맛고로케;호두단팥빵;,
e_e005217,반얀트리 클럽 앤 스파 서울 점심 뷔페,1,2,,반얀트리서울/그라넘 다이닝라운지,서울 중구 장충단로 60,서울 중구 장충동2가 201,3101021,1114014400,2023-07-08 17:18,1,208500,그라넘 체리 하우스,
e_e005223,은산생태박물관 입장료,1,2,5278800686,(주)카카오페이,경기 성남시 분당구 판교역로 166,경기 성남시 분당구 백현동 532,3179025,4113511000,2023-07-11 19:52,3,29000,,
e_e005239,돼지고기 떡볶이 맥주 등,1,7,2068650913,트레이더스 홀세일 클럽,경기 안산시 단원구 중앙대로 397,경기 안산시 단원구 신길동 1687,2190002,4127310300,2023-07-15 12:29,1,179660,무농약 매화송이 버섯;블론드;액티비아업 딸기;미미네 국물떡볶이;롯데 아몬드 빼빼로,
e_e005240,하남 아쿠아필드 찜질 입장권 - 1인,1,1,2208742885,(주)야놀자,서울 강남구 테헤란로108길 42,서울 강남구 대치동 1003,4166713,1168010600,2023-07-14 00:00,1,19000,[경기]아쿠아필드 하남 찜질스파(~7/21) ,
e_e005271,고기 술 음료 간식 캠핑용 데이지 체인,1,4,2308200679,영중농협 하나로마트,경기 포천시 영중면 양문로 106,,3213029,4165036021,2023-07-30 13:09,1,53610,맥스부탄;포키블루베리;롯데)블링블링보석캔디;롯데 아이시스;백세주,
e_e005271,고기 술 음료 간식 캠핑용 데이지 체인,2,4,2151983018,(주)아성다이소,서울 송파구 거마로 12,,3123003,1171011300,2023-07-30 10:50,1,6000,캠핑 데이지체인,
e_e005290,장화,1,2,, 롯데 ON,서울 송파구 올림픽로 300,서울 송파구 신천동 29,3123023,1171010200,2023-07-12 00:00,1,35000,,
e_e005294,고기,1,4,2018196582,(주)에이젯시스템,서울 금천구 범안로21길 29,서울 금천구 독산동 293-3,4151215,1154510200,2023-07-26 12:40,3,90725,냉장우육 진갈비살,
e_e005314,국립중앙박물관 내셔널 갤러리 입장권,1,1,1448125090,엔에이치링크(주),경기 성남시 분당구 대왕판교로645번길 16,경기 성남시 분당구 삼평동 629,4340055,4113510900,2023-08-06 09:42,1,15000,"거장의 시선,사람을 향하다.영국내셔널갤러리명화전",
e_e005317,선셋740풀패키지(게스트하우스 숙박+레저 무제한 이용권+바베큐무제한+웰컴드링크+풀파티 이용권),0,2,,선셋,호반로740,,,,,5,270000,,4182032500
e_e005335,돼지고기;버섯;과자,0,2,,홈플러스 간석점,616-3 홈플러스,,,,,4,43000,,2820010200
e_e005341,에버랜드 입장권,1,2,1358504288,삼성물산(주) 에버랜드리조트,경기 용인시 처인구 포곡읍 에버랜드로 199,,3203081,4146125027,2023-07-20 00:00,1,0,종일 이용권,
e_e005341,에버랜드 입장권,2,2,,에버랜드,경기 용인시 처인구 포곡읍 에버랜드로 199,경기 용인시 처인구 포곡읍 전대리 310,3203081,4146125027,2023-07-20 00:00,1,0,입장권,
e_e005344,이승철 콘서트 관람권,1,1,8248102515,주식회사 인터파크,서울 강남구 삼성로 512,,3122005,1168010500,2023-05-13 00:00,1,132000,관람권,
e_e005418,기차 표 콘서트 티켓 전시회 티켓,1,1,2208802594,(주)카카오엔터테인먼트,경기 성남시 분당구 판교역로 221,,3179025,4113510900,2023-07-10 20:06,3,35000,관람권 ,
e_e005418,기차 표 콘서트 티켓 전시회 티켓,2,1,8248102515,주식회사 인터파크,서울 강남구 삼성로 512,서울 강남구 삼성동 157-1,3122005,1168010500,,3,155000,관람권,
e_e005442,고기 및 주류,1,3,2068650913,트레이더스 홀세일클럽,서울 노원구 마들로3길 17,서울 노원구 월계동 333-1,4130262,1135010200,2023-07-21 21:25,3,261620,TS 마이워터;테라;참이슬;켈로그 통귀리 그래놀;하인즈 토마토케찹,
e_e005497,빵,1,3,7780101394,쿠모쿠모베이커리 ,경기 군포시 산본로432번길 4,경기 군포시 산본동 1091-1,4400240,4141010400,2023-07-22 09:46,1,8700,단팥빵;쫀득크림모찌;소세지소금빵,
e_e005506,기차표,1,2,3148210024,한국철도공사,대전 동구 중앙로 240,,3164033,3011011300,2023-07-24 09:15,1,34500,기차표 ,
e_e005506,기차표,2,2,3148210024,한국철도공사,대전 동구 중앙로 240,,3164033,3011011300,2023-07-24 09:15,1,33800,기차표 ,
e_e005506,기차표,3,2,3148210024,한국철도공사,대전 동구 중앙로 240,,3164033,3011011300,2023-07-24 09:21,1,34500,기차표 ,
e_e005510,현대모터스튜디오 체험 입장권,1,4,1208197322,(주)케이에스넷,서울 강남구 테헤란로103길 9,서울 강남구 삼성동 168-26,4166710,1168010500,2023-07-19 00:00,1,21000,현대 모터스튜디오 입장권,
e_e005527,전시회 티켓,2,2,1028301012,국립중앙박물관,서울 용산구 서빙고로 137,,3102004,1117013500,2023-07-10 00:00,1,36000,"거장의 시선,사람을 향하다-입장권",
e_e005551,아쿠아필드 티켓미리 구매,2,2,2118841856,(주)티몬,서울 강남구 압구정로 118,서울 강남구 신사동 529-4,3122007,1168010700,2023-07-29 13:12,1,0,아쿠아필드 입장권 ,
e_e005551,아쿠아필드 티켓미리 구매,3,2,4288601609,미루꾸밀크바,경기 고양시 덕양구 고양대로 1955,경기 고양시 덕양구 동산동 370,2192001,4128111200,2023-07-29 18:44,1,11700,미루꾸커피ICE;플랫너티;종이쇼핑백,
e_e005551,아쿠아필드 티켓미리 구매,4,2,8108502101,고청담,경기 고양시 덕양구 고양대로 1955,경기 고양시 덕양구 동산동 370,2192001,4128111200,2023-07-29 18:08,1,61000,고청담 ,
e_e005551,아쿠아필드 티켓미리 구매,5,2,2018144158,스타필드 아쿠아필드,,,,,2023-07-29 14:17,1,11500,구운란;올반 찰 핫도그;식혜,
e_e005553,국립어린이과학관 상설전시 및 천체투영관 입장료. 고래바위에서기다려 티켓,1,2,,국립어린이과학관,서울 종로구 창경궁로 215,서울 종로구 와룡동 2-70,3005008,1111013000,2023-07-28 10:30,1,2000,입장권 ,
e_e005553,국립어린이과학관 상설전시 및 천체투영관 입장료. 고래바위에서기다려 티켓,2,2,,국립어린이과학관,서울 종로구 창경궁로 215,서울 종로구 와룡동 2-70,3005008,1111013000,2023-07-28 11:00,1,2500,입장권,
e_e005553,국립어린이과학관 상설전시 및 천체투영관 입장료. 고래바위에서기다려 티켓,3,2,8248102515,주식회사 인터파크,서울 강남구 삼성로 512,서울 강남구 삼성동 157-1,3122005,1168010500,2023-07-03 00:00,1,38000,고래바위에서 기다려,
e_e005575,사전예약전시티켓,1,2,2618107403,미디어앤 아트(멘도),서울 성동구 아차산로17길 49,,4109391,1120011500,2023-08-04 10:33,1,15000,문도 멘도;판타스틱 시티 라이프,
e_e005599,KTX 기차표,1,2,3148210024,한국철도공사,대전 동구 중앙로 240,,3164033,3011011300,2023-07-27 08:15,1,104000,기차표,
e_e005619,아쿠아필드 찜질스파 이용권,1,1,2208742885,(주)야놀자,서울 강남구 테헤란로108길 42,서울 강남구 대치동 1003,4166713,1168010600,2023-08-03 00:00,1,0,[경기]아쿠아필드 고양 찜질스파,
e_e005627,입장권,0,3,,테르메덴,사실로 984,,,,,1,68400,,4150036000
e_e005662,아쿠아리움 티켓,0,2,,롯데월드 아쿠아리움,서울 송파구 올림픽로 300 롯데월드몰 B1,,,,,5,40000,,1171010100
e_e005679,삼다수 생수 1병,1,1,6120867514,세븐일레븐,경남 통영시 광도면 죽림3로 23-28,경남 통영시 광도면 죽림리 1569,3333029,4822034024,2023-07-29 07:22,1,1100,광동)제주삼다수,
e_e005745,코로나 자가키트,0,2,,그루터기 약국,경기 김포시 걸포로 6 103호,,,,,3,8000,,4157010200
e_e005759,서울센트럴시티터미널 - 군산고속터미널 고속버스표,1,1,6048100854,㈜천일고속 ,부산 서구 구덕로 102-1,부산 서구 충무동1가 7-5,3006005,2614012000,2023-07-30 10:07,1,24200,버스비,
e_e005765,미술전 입장권,1,2,5248601528,NAVER FINANCIAL,경기 성남시 분당구 정자일로 95,경기 성남시 분당구 정자동 178-4,3180021,4113510300,2023-07-26 00:00,1,27000,10%다시 보다:한국근현대미술전(예매당일 사용불가) 외 1건,
e_e005775,커피,1,1,1431000228,이디야,서울 영등포구 영등포로 353,서울 영등포구 신길동 59-2,3118022,1156013200,2023-08-02 11:35,1,3200,(L)HOT아메리카노,
e_e005781,닭다리살2kg/돼지고기 모듬한한 1.1kg/칠레산 오겹살 1kg /밀푀유나베/삼겹살용모둠쌈/스노우미니크라상/토닉워터제로/무화과/파인애플/머쉬마루버섯/피치트리(술)/리몬체클래식(술),1,5,1078727771,주식회사 대명축산식품,경기 김포시 양촌읍 금포로 1825,경기 김포시 양촌읍 누산리 1063-82,3209136,4157025622,2023-08-01 00:00,1,45670,페르디가오 냉동 뼈없는 닭다리살;칠레산 오겹살;[무료배송]돼지고기 모듬 한판,
e_e005781,닭다리살2kg/돼지고기 모듬한한 1.1kg/칠레산 오겹살 1kg /밀푀유나베/삼겹살용모둠쌈/스노우미니크라상/토닉워터제로/무화과/파인애플/머쉬마루버섯/피치트리(술)/리몬체클래식(술),2,5,2068650913,트레이더스 홀세일 클럽,경기 화성시 동탄대로 451,경기 화성시 오산동 1022,2348100,4159012900,2023-08-03 20:19,1,132420,리몬체 클래식;피치트리;무농약 머쉬마루버섯;컷 파인애플/팩;무화과/박스,
e_e005804,itx예매,1,1,3148210024,한국철도공사 ,대전 동구 중앙로 240,,3164033,3011011300,2023-07-25 09:14,1,7500,기차표,
e_e005804,itx예매,2,1,3148210024,한국철도공사,대전 동구 중앙로 240,,3164033,3011011300,2023-07-31 12:30,1,9600,기차표,
e_e005810,김밥재료,1,2,3310702594,아크로리마트,서울 영등포구 국회대로54길 10,,4154084,1156010800,2023-07-28 14:17,1,23250,재사용봉투;추부깻잎;백설)햇반큰공기;CJ)치자+우엉단무지;백설)진한참기름,
e_e005813,소화제,0,1,,터미널약국,49-1,,,,,3,4000,,2914011500
e_e005826,주유소,0,3,,Soli 위례드림주유소,646_7,,,,,1,20000,,1171010900
e_e005860,에버랜드입장권,0,5,,에버랜드,전대리 310,,,,,1,200000,,4146125000
e_e005863,파티용품,0,7,,로나파티,평천로 812번길,,,,,4,18500,,4119012300
e_e005885,인터파크 전시회 (어둠속의대화) 티켓,1,2,8248102515,주식회사 인터파크,서울 강남구 삼성로 512,,3122005,1168010500,2023-07-25 01:26,3,66000,동탄 어둠속의 대화-입장권,
e_e005891,숙박,0,2,,동두천 시마호텔,중앙로274번길 9,,,,,1,90000,,4125010300
e_e005899,주유,1,3,4908602127,(유)금강에너지,전남 나주시 한빛로 165,전남 나주시 빛가람동 35,3295053,4617013400,2023-07-28 19:28,1,48000,주유비,
e_e005910,빛의시어터 전시회 입장료 및 라운지 이용료,1,1,1138638602,주식회사 스마틱스,서울 영등포구 경인로 775,서울 영등포구 문래동3가 55-20,3000028,1156012100,2023-06-13 13:04,1,20300,얼리버드-빛의 시어터:달리&가우디-입장권,
e_e005922,수영복,1,1,1208800767,쿠팡(주),서울 송파구 송파대로 570,서울 송파구 신천동 7-30,2005011,1171010200,2023-08-17 11:00,1,11370,까멜로 투컬러 배색 옆트임 모노키니 수영복,
e_e005945,주류,1,2,5748501657,와인앤모어,경기 안성시 공도읍 서동대로 3930-39,경기 안성시 공도읍 진사리 354,2012006,4155025031,2023-08-12 18:56,1,235000,인천맥주몽유병DIPA;H)(P)발레벨보모스카토;NS 벨라스+끌로뒤발 까베르네 쇼비뇽;(POS)2본입 코팅,
e_e005947,김밥,0,2,,뚝딱김밥,위례순환로 478  1층,,,,,3,7000,,1171010900
e_e005973,남이섬 입장권,1,2,2208183676,주식회사 지마켓,서울 강남구 테헤란로 152,서울 강남구 역삼동 737,3122010,1168010100,2023-07-27 00:00,1,29500,(놀이대전)남이섬 ,
e_e006057,무선충전밧데리칲,0,1,,소사역다이소,,,,,,3,2000,,4119011000
e_e006069,햇반6개;수박;소세지;상추;오이;모둠버섯;구이 삼겹살600g;된장찌개 밀키트;쌈장,0,4,,마켓컬리,마켓컬리 본사,,,,,1,93460,,1165010800
e_e006073,룸사이트예약,0,5,,라그릴스 셀프바베큐,석성로 888번길 37-16 1층,,,,,1,100000,,4146125000
e_e006145,음료,1,2,2908501860,세븐일레븐,인천 남동구 장아산로 216,인천 남동구 서창동 576-2,3153072,2820010500,2023-08-01 11:24,1,3100,팔도)뽀로로딸기맛;칠성)황금보리,
e_e006208,감정선 프로젝트 사전 예약,1,2,,감정선프로젝트,서울 용산구 회나무로 7,서울 용산구 이태원동 647,3102012,1117013000,2023-07-31 00:00,3,19800,60분 키링 페인팅,
e_e006291,주유비,1,3,1198540996,서일석유(주)락성주유소,서울 관악구 남부순환로 1920,,2000003,1162010100,2023-08-19 10:51,1,10000,주유비,
e_e006314,신풍관 예약금,0,2,,신풍관,28-1,,,,,4,21000,,4111512300
e_e006359,김밥,1,3,3062975017,사보르김밥,서울 성북구 화랑로13길 8,서울 성북구 하월곡동 17-7,4121744,1129013600,2023-08-03 09:02,1,10000,고추김밥;왕새우김밥 ,
e_e006371,사진관예약,0,2,,피움스튜디오,34-2,,,,,5,40000,,1171011100
e_e006407,반지의 제왕 오케스트라 공연 티켓,0,2,,인터파크,세종대로 175,,,,,1,90000,,1111011900
e_e006447,캐리비안베이 티켓,0,2,,11번가,한강대로 416 서을스퀘어 16F (온라인구매),,,,,1,68990,,1114011800
e_e006448,식사(족발 보쌈),0,8,,유명유기농도야지,신대방3길 29,,,,,3,60000,,1159010900
e_e006486,버스표,0,3,,동양고속,,,,,,1,40700,,1165010700
e_e006489,기차표 및 공연티켓,1,1,3148210024,한국철도공사,대전 동구 중앙로 240,,3164033,3011011300,2023-08-08 16:35,1,8300,기차표,
e_e006489,기차표 및 공연티켓,2,1,3148210024,한국철도공사,대전 동구 중앙로 240,,3164033,3011011300,2023-08-08 16:38,1,8300,기차표,
e_e006489,기차표 및 공연티켓,3,1,1018206773,(재)세종문화회관,서울 종로구 세종대로 175,,2005001,1111011900,2023-08-07 11:41,1,40000,"[알로하,나의 엄마들]-관람권",
e_e006489,기차표 및 공연티켓,4,1,2218134988,온오프믹스,서울 강남구 도산대로54길 53,서울 강남구 논현동 102-7,4166284,1168010800,2023-08-09 18:18,3,0,입장권,
e_e006513,호수카라반캠핑장예약,1,2,,호수카라반캠핑장,경기 파주시 광탄면 기산로 413-69,,3206109,4148035028,2023-08-15 00:00,1,87000,캠핑장 이용,
e_e006528,뮤지컬 티켓,1,1,8248102515,주식회사 인터파크,서울 강남구 삼성로 512,,3122005,1168010500,2023-08-29 19:30,1,88000,관람권 ,
e_e006529,놀이시설 체험권 온라인 예매,1,1,6318600114,바운스 슈퍼파크,경기 하남시 미사강변한강로 135,,3202055,4145010900,2023-08-15 10:58,1,6000,입장권,
e_e006529,놀이시설 체험권 온라인 예매,2,1,5248601528,네이버파이낸셜,경기 성남시 분당구 정자일로 95,경기 성남시 분당구 정자동 178-4,3180021,4113510300,2023-08-15 00:00,1,25000,바운스슈퍼파크 하남센터,
e_e006546,복숭아;토마토;박카스;미에로화이바,0,3,,과일집;약국,모름,,,,,3,15000,,1141011800
e_e006557,간식거리,1,3,,이마트,경기 과천시 별양상가3로 11,경기 과천시 별양동 1-19,3195023,4129010900,2023-08-07 19:41,1,22220,서울초코우유;아이시스8.0;상하 유기농 마이리틀;해태 홈런볼 초코;롯데 칸쵸,
e_e006572,캠핑장,1,2,1438125554,글램비 글램핑,경기 화성시 서신면 해안길 64,,4431335,4159035026,2023-08-28 03:07,1,148000,당일6시간+바베큐 무한리필 New 글램핑,
e_e006587,아쿠아필드 하남 이용권,1,2,2208742885,주식회사 야놀자,서울 강남구 테헤란로108길 42,서울 강남구 대치동 1003,4166713,1168010600,2023-08-10 18:12,1,0,[경기]아쿠아필드 하남 워터파크 ,
e_e006602,주유비,1,2,1340164565,신안산주유소,경기 안산시 단원구 고잔로 86,경기 안산시 단원구 고잔동 534,3190009,4127310100,2023-08-21 08:42,1,30000,주유비,
e_e006788,에버랜드 티켓,0,4,,에버랜드,에버랜드,,,,,5,40000,,4146125000
e_e006823,테마파크 입장료,1,2,2208742885,㈜야놀자,서울 강남구 테헤란로108길 42,서울 강남구 대치동 1003,4166713,1168010600,2023-08-27 00:00,1,53550,,
e_e006823,테마파크 입장료,2,2,2208742885,(주)야놀자,서울 강남구 테헤란로108길 42,서울 강남구 대치동 1003,4166713,1168010600,2023-08-04 11:11,1,45050,캐리비안베이 하이골드시즌 종일권,
e_e006830,입장권,1,2,5818800040,위더스컴즈(주),,,,,,1,34000,"아쿠아필드 워터파크or 찜질스파 하남,고양,안성점 중 택 1",
e_e006840,키자니아 입장권,0,2,,키자니아,40-1,,,,,1,59000,,1171010100
e_e006862,콘서트 티켓,1,1,,LUCY 콘서트,,,,,2023-08-09 00:00,1,123000,관람권,
e_e006880,컵과일,1,2,1101732700,CU,서울 은평구 응암로22길 10,서울 은평구 응암동 397-66,4133234,1138010700,2023-08-13 00:00,1,3200,돌)후룻컵플러스망고,
e_e006902,뮤지컬 티켓,0,1,,인터파크트리플,727-56,,,,,2,112000,,1117013100
e_e006911,입장권,1,2,5248601528,네이버파이낸셜,경기 성남시 분당구 정자일로 95,경기 성남시 분당구 정자동 178-4,3180021,4113510300,,1,17500,Artience Park: 미술관에서 만난 이상한과학자,
e_e006914,수박수영장 뮤지컬 티켓,0,3,,국립중앙박물관 극장 용,서빙고로 137,,,,,1,107700,,1117013300
e_e006915,주유,0,1,,타이거주유소,222-6,,,,,3,50000,,1138011000
e_e006918,경기투어패스(48시간) 통합권,0,4,,엘에스컴퍼니(온라인구매),573-2,,,,,1,67600,,5011012900
e_e006922,6개월 시즌권,1,4,1138521083, ㈜위메프,서울 구로구 디지털로26길 72,서울 구로구 구로동 222-22,4148327,1153010200,2023-07-10 13:37,1,221000,[하루판매]단독특가*서울랜드 입장권,
e_e006929,경기투어패스,1,3,5248601528,네이버파이낸셜 주식회사 ,경기 성남시 분당구 정자일로 95,경기 성남시 분당구 정자동 178-4,3180021,4113510300,2023-08-13 00:00,1,50700,경기투어패스 통합이용권(런칭이벤트)외 1건,
e_e006930,입장권,1,3,2208183676,주식회사 지마켓,서울 강남구 테헤란로 152,서울 강남구 역삼동 737,3122010,1168010100,2023-08-02 00:00,1,183160,(인천 중구)파라다이스시티 씨메르 아쿠아스파 입장권,
e_e006954,맥주,1,1,2944200736,GS25,인천 남동구 만수서로 95,인천 남동구 만수동 5-453,3153030,2820010300,2023-08-25 22:12,1,7990,,
e_e007132,볼베어파크 온라인예매표,1,4,2208742885,㈜야놀자 ,서울 강남구 테헤란로108길 42,서울 강남구 대치동 1003,4166713,1168010600,2023-08-08 16:00,1,30420,[경기 용인]볼베어파크 스포츠 테마파크 입장권,
e_e007155,캠프통 포레스트 2인 입장권,1,2,2208796800,주식회사 스마트인피니,서울 강남구 압구정로42길 27,서울 강남구 신사동 643-22,4166523,1168010700,2023-08-10 11:48,1,0,2인권 주말,
e_e007213,간식(초콜렛),1,1,8898500545,GS25,서울 동작구 현충로 257,,3119009,1159010600,2023-09-02 13:04,1,3000,,
e_e007216,페스티벌 입장권,1,1,,2023 렛츠락 페스티벌,,,,,2023-07-19 00:00,1,104200,입장권,
e_e007217,강화씨사이드리조트 루지+케이블카 1회권 3매,1,3,5248601528,네이버파이낸셜,경기 성남시 분당구 정자일로 95,경기 성남시 분당구 정자동 178-4,3180021,4113510300,2023-08-09 00:00,1,54150,강화 루지&곤돌라 이용권(주중권),
e_e007218,전시관람티켓,0,2,,(주)카카오,2131,,,,,1,20000,,5011013600
e_e007269,맥주  등,1,4,4050244245,이마트24,경기 이천시 설성면 진상미로 167,,3207055,4150037024,2023-08-15 16:21,1,25200,해태)폴라포포도;크로넨버그1664블랑;1664라거,
e_e007272,연극,4,4,,하땅세극장,서울 성북구 성북로 5-7,서울 성북구 성북동1가 35-29,3107008,1129010200,2023-07-27 00:00,1,76000,입장권,
e_e007296,랜덤다이버시티 티켓,1,2,5248601528,네이버파이낸셜,경기 성남시 분당구 정자일로 95,경기 성남시 분당구 정자동 178-4,3180021,4113510300,2023-08-07 00:00,1,36000,1]색추출 실험,
e_e007301,아이스 카페라떼,0,2,,빽다방 청라국제업무단지,청라동 95-4 132호,,,,,1,3000,,2826012200
e_e007306,브런치빈 할인권/아벡데프리츠할인권,1,2,,브런치빈,경기 광주시 문화로 43,경기 광주시 역동 340-4,3211031,4161011200,2023-08-20 00:00,3,21000,자유 이용권,
e_e007306,브런치빈 할인권/아벡데프리츠할인권,2,2,,아벡데프리츠,경기 용인시 수지구 신봉1로 165,,3205014,4146510500,2023-08-20 00:00,1,16250,25000원 자유 이용권 ,
e_e007316,아쿠아리움 입장권,1,2,,코엑스 아쿠아리움,서울 강남구 영동대로 513,,2122002,1168010500,2023-08-17 00:00,1,50160,입장권,
e_e007328,간식,0,5,,가자마트,,,,,,1,15000,,1123010600
e_e007394,공연 관람표,1,2,8248102515,주식회사 인터파크,서울 강남구 삼성로 512,,3122005,1168010500,2023-08-04 00:00,3,246000,관람권 ,
e_e007409,간식,1,2,2068650913,트레이더스 홀세일 클럽,경기 안산시 단원구 중앙대로 397,경기 안산시 단원구 신길동 1687,2190002,4127310300,2023-08-13 11:26,1,91400,속이꽉찬 앙금빵;오리온 자일리톨;오리온 초코송이;크라운 쵸코하임;오리온 참붕어빵,
e_e007431,케이티엑스,1,1,3148210024,한국철도공사,대전 동구 중앙로 240,,3164033,3011011300,,1,95900,기차표 ,
e_e007460,티켓,1,1,5248601528,네이버파이낸셜,경기 성남시 분당구 정자일로 95,경기 성남시 분당구 정자동 178-4,3180021,4113510300,2023-08-11 00:00,1,110000,2023 Micro Seoul Festival : Seoulbound,
e_e007474,물안경; 아쿠아슈즈,0,1,,주식회사 아성다이소,463,,,,,1,8000,,1168011800
e_e007484,생수,1,4,1208800767,쿠팡(주),서울 송파구 송파대로 570,서울 송파구 신천동 7-30,2005011,1171010200,2023-08-25 22:17,1,8590,탐사수 무라벨,
e_e007504,기차표,1,2,3148210024,한국철도공사,대전 동구 중앙로 240,,3164033,3011011300,2023-08-14 15:24,1,6200,기차표 ,
e_e007504,기차표,2,2,3148210024,한국철도공사,대전 동구 중앙로 240,,3164033,3011011300,2023-08-14 15:24,3,800,기차표,
e_e007538,고속버스,1,1,1268100067,(주)경기고속,경기 광주시 광주대로 171,,2211001,4161010300,2023-08-14 19:36,1,9000,버스표,
e_e007538,고속버스,2,1,1268100067,(주)경기고속,경기 광주시 광주대로 171,,2211001,4161010300,2023-08-10 14:09,1,9000,버스표,
e_e007593,고속버스 표,1,1,1388128578,(주)동양고속,서울 서초구 신반포로 194,서울 서초구 반포동 19-4,3121017,1165010700,2023-08-15 23:28,1,33800,버스표,
e_e007607,티켓,1,2,2208155597,(주)케이지이니시스,서울 중구 통일로 92,서울 중구 순화동 1-170,3000008,1114016800,2023-07-12 20:03,1,313200,,
e_e007634,친구가 전시회티켓을 가지고 있어서 무료로 관람했다.,0,2,,마이아트뮤지엄,,,,,,5,30000,,1168010500
e_e007690,서울랜드 after6 입장권,1,4,2118841856,(주)티몬,서울 강남구 압구정로 118,서울 강남구 신사동 529-4,3122007,1168010700,2023-08-26 00:00,1,59600,[라스트썸머]과천 서울랜드 AFTER6 이용권 한정특가,
e_e007693,뮤지컬 티켓,0,2,,예스24스테이지1관,1-52,,,,,5,83200,,1111016800
e_e007705,월미바다열차승차권,1,2,,월미바다열차,인천 중구 월미로 6,,3149043,2811013800,2023-08-26 18:30,1,16000,승차권,
e_e007748,창덕궁티켓,1,2,,,,,,,2023-08-19 00:00,1,6000,전각관람,
e_e007748,창덕궁티켓,2,2,,창덕궁 후원,서울 종로구 율곡로 99,,3100010,1111013000,2023-08-19 13:00,1,10000,입장권,
e_e007770,연극티켓,0,1,,주식회사인터파크트리플,삼성동빌팅10층,,,,,1,14500,,1168010500
e_e007775,버스티켓,2,1,1148201186,전국고속버스운송사업조합,서울 서초구 신반포로 194,서울 서초구 반포동 19-4,3121017,1165010700,2023-08-27 12:10,1,22000,,
e_e007831,입장권,1,3,2208742885,㈜야놀자,서울 강남구 테헤란로108길 42,서울 강남구 대치동 1003,4166713,1168010600,2023-08-26 17:33,1,64900,[서울 잠실]롯데월드타워 전망대 서울스카이 입장권,
e_e007876,서해랑케이블카탑승권,1,4,,서해랑 제부도해상케이블카,경기 화성시 서신면 전곡항로 1-10,경기 화성시 서신면 장외리 618-12,3210093,4159035024,2023-08-26 12:25,1,57000,탑승권,
e_e007878,에버랜드 입장권,0,3,,에버랜드,,,,,,1,78000,,4146125000
e_e007895,방수팩 2개,0,2,,다이소 홈플러스북수원점,경기 수원시 장안구 경수대로 930,,,,,1,10000,,4111113600
e_e007925,물과 음료수와 초콜릿을 구매하였습니다,0,1,,Gs25 기흥예현마을점,예현로35번길 23 상가1층,,,,,4,5400,,4146311000
e_e007937,티켓,1,1,1358504288,삼성물산(주) 에버랜드리조트,경기 용인시 처인구 포곡읍 에버랜드로 199,,3203081,4146125027,2023-08-12 01:42,1,46000,에버랜드 종일권;포토패스 교환권,
e_e007971,차에 기름을 넣었습니다,1,1,1958500979,L&K(주) 원흥.원흥동지점1,경기 고양시 덕양구 서오릉로 712,,3000007,4128110400,2023-08-20 09:08,1,52545,주유비,
e_e008057,전시 입장권,1,1,,국립중앙박물관,서울 용산구 서빙고로 137,,3102004,1117013500,2023-08-01 00:00,1,9000,관람권 ,
e_e008069,캠프통 포레스트 입장권,1,2,2118841856,㈜티몬,서울 강남구 압구정로 118,서울 강남구 신사동 529-4,3122007,1168010700,2023-08-24 22:11,1,70200,가평 빠지 캠프통 포레스트 수상레전 단독특가,
e_e008089,김밥,0,2,,김밥사랑 길동1호점,413-1,,,,,1,8500,,1174010500
e_e008133,주차비,1,2,,마장호수 제3주차장,경기 파주시 광탄면 기산로 313,경기 파주시 광탄면 기산리 459-7,3206109,4148035028,2023-08-26 17:41,1,2000,주차비,
e_e008170,고속버스,0,2,,티머니,오창공원로 133,,,,,1,51200,,4311425300
e_e008178,에버랜드 자유이용권,1,1,2208182546,삼성물산(주)에버랜드리조트,서울 중구 통일로 92,서울 중구 순화동 1-170,3000008,1114016800,2023-08-19 06:43,1,24000,,
e_e008181,종이봉투,1,1,2148106825,아트박스,경기 군포시 번영로 504,경기 군포시 산본동 1231,3200025,4141010400,2023-08-24 11:57,1,2000,컬러손잡이쇼핑백옐로,
e_e008214,아쿠아필드 이용권,1,2,8798601942,주식회사 놀이의발견,서울 마포구 월드컵북로56길 9,서울 마포구 상암동 1593,4139550,1144012700,2023-08-25 22:01,1,50880,,
e_e008243,전시회 티켓,1,2,2218134988,(주)온오프믹스,서울 강남구 도산대로54길 53,서울 강남구 논현동 102-7,4166284,1168010800,2023-08-21 00:00,1,40000,백희나 그림책전-입장권,
e_e008245,전시회 티켓,1,2,8248102515,(주)인터파크,서울 강남구 삼성로 512,,3122005,1168010500,2023-07-26 10:12,3,21000,스폰지밥의 우당탕탕 시간여행 전 입장권 展,
e_e008247,영탁콘서트 티켓,0,2,,인터파크,,,,,,1,286000,,1168010500
e_e008307,장봤습니다,1,8,1768700424,(주)마트킹,경기 수원시 장안구 파장천로 46,경기 수원시 장안구 파장동 474,3174019,4111112900,2023-08-22 16:13,1,247200,농심/조청유과;오리온/썬오리지널;곰밥 깐마늘;농심/새우깡블랙;양념매콤닭발,
e_e008323,계곡식당 예약금,1,4,4536900313,도깨비방망이,경기 양주시 장흥면 권율로 427,경기 양주시 장흥면 석현리 77,3212007,4163034024,2023-08-18 21:38,1,50000,장흥도깨비방망이,
e_e008326,커피,1,1,,메가커피,경기 남양주시 별내중앙로 59,경기 남양주시 별내동 1018-1,3197091,4136011100,2023-08-20 11:33,1,900,,
e_e008333,냉동볶음밥,1,4,1208800767,(주)쿠팡 ,서울 송파구 송파대로 570,서울 송파구 신천동 7-30,2005011,1171010200,,1,20300,집으로온 뿌리야채랑 한우듬뿍 어린이 볶음밥(냉동) 총 3건,
e_e008355,남이섬 입장권,1,2,2208742885,(주)야놀자,서울 강남구 테헤란로108길 42,서울 강남구 대치동 1003,4166713,1168010600,2023-08-27 01:11,3,29500,남이섬 입장권 ,
e_e008369,에버랜드 입장권 티켓,1,1,1358504288,에버랜드리조트,경기 용인시 처인구 포곡읍 에버랜드로 199,,3203081,4146125027,2023-08-16 17:45,1,57000,,
e_e008478,콘크리트 유토피아 영화 티켓 예매,1,2,1288552934,메가박스,경기 고양시 일산서구 호수로 817,경기 고양시 일산서구 대화동 2602,3192096,4128710400,2023-08-26 09:22,3,8460,관람권,
e_e008483,야구티켓,1,2,,,,,,,2023-08-16 00:00,1,102000,관람권,
e_e008508,사전 예약권,1,2,2208742885,(주)야놀자,서울 강남구 테헤란로108길 42,서울 강남구 대치동 1003,4166713,1168010600,2023-08-21 00:00,1,32000,[홍대]진격의 거인전 Final in Seoul 정규딜,
e_e008520,전시관람표,1,2,,주식회사카카오,제주특별자치도 제주시 첨단로 242,제주특별자치도 제주시 영평동 2181,3349191,5011013600,2023-07-19 10:09,1,40000,알폰스 무하 이모션 인 서울 ,
e_e008530,커피,1,2,2048645563,빈스앤베리즈,서울 용산구 한강대로 405,서울 용산구 동자동 43-205,2005005,1117010700,2023-08-26 10:09,1,9000,ICE카페아메리카노_시즈널 R ,
e_e008560,화담카페 베어브릭,0,2,,화담카페,112-51,,,,,1,44000,,4111512800
e_e008723,바베큐장에서 먹을 고기와 반찬들,1,3,2068650913,트레이더스 홀세일 클럽,서울 노원구 마들로3길 17,서울 노원구 월계동 333-1,4130262,1135010200,2023-09-02 20:17,1,231270,,
e_e008881,에버랜드 연간회원권,0,1,,집에서 어플로 구매,에버랜드로199,,,,,1,140000,,4146125000
e_e008954,뮤지컬 와일드그레이 티켓,1,1,6598800998,주식회사 뉴프로덕션,서울 종로구 동숭길 55,서울 종로구 동숭동 1-145,4100075,1111016800,2023-08-01 13:00,3,51500,뮤지컬 [와일드그레이]-관람권,
e_e008957,주차비용,1,2,2118212704,탄천 공영 주차장,서울 강남구 삼성로 628,서울 강남구 삼성동 66,3122005,1168010500,2023-08-26 17:16,1,7900,주차비,
e_e009043,캐리비안베이 입장권,1,2,1358504288,삼성물산(주) 에버랜드리조트,경기 용인시 처인구 포곡읍 에버랜드로 199,,3203081,4146125027,2023-08-20 18:32,1,74000,캐리비안베이 입장권,
e_e009056,체크남방,1,1,,,,,,,2023-08-25 15:23,1,22320,타탄 포켓 체크 셔츠 오버핏 블랙,
e_e009156,케이펫페어 입장권,0,2,,송도컨벤시아 (케이펫페어),송도동 6-1  입장권 총 2만원이나 이벤트 당첨으로 무료,,,,,4,0,,2818510600
e_e009168,수영복,0,1,,노스페이스,에이케이플라자,,,,,2,160000,,4122011500
e_e009260,야구장 관람표,0,2,,티켓링크,올림픽로 19-2 서울종합운동장,,,,,1,28000,,1171010100
e_e009374,연극 티켓,0,1,,예그린 시어터,동숭길 130-5,,,,,4,31800,,1111016800
e_e009504,연극관람 티켓,0,2,,도토리씨어터,1-89 도토리 씨어터,,,,,4,18000,,1111016800
e_e009505,삼겹살 파인애플 깻잎 마늘 파김치 무알콜맥주,0,2,,이마트 트레이더스,2703,,,,,1,87300,,4128710400
e_e009513,에버랜드 정기권,1,4,1358504288,삼성물산(주) 에버랜드리조트,경기 용인시 처인구 포곡읍 에버랜드로 199,경기 용인시 처인구 포곡읍 전대리 506-21,3203081,4146125027,2023-08-03 18:01,1,660000,,
e_e009566,롯데월드 입장권,0,2,,롯데월드,서울 송파구 올림픽로 240,,,,,1,60300,,1171010100
e_e009590,루덴시아 입장권 2매,1,2,1208800767,(주)쿠팡,서울 송파구 송파대로 570,서울 송파구 신천동 7-30,2005011,1171010200,2023-08-27 09:43,1,37800,입장권,
e_e009655,치킨,1,2,,굽네치킨,서울 강동구 아리수로 419,서울 강동구 강일동 679-3,3000035,1174011000,2023-08-26 18:34,1,24400,매콤소스;달콤소스;오리지널 곱빼기,
e_e009660,음료수 과일 간식거리,0,6,,편의점,편의점,,,,,1,20000,,4155025021
e_e009684,관람권,1,3,8248102515,주식회사인터파크,서울 마포구 와우산로21길 20-11,서울 마포구 서교동 358-121,4139458,1144012000,,1,29700,,
e_e009895,없음 미니멀 여행,2,1,2068650913,트레이더스 홀세일 클럽,경기 수원시 영통구 삼성로 2,,3177009,4111710600,2023-08-26 16:51,1,14000,탄산음료;콤비네이션 조각피자;불고기 조각피자;닭반마리쌀국수,
e_e009895,없음 미니멀 여행,3,1,6601101355,크레이저커피,경기 수원시 영통구 센트럴타운로 15,경기 수원시 영통구 이의동 1335,3177031,4111710300,2023-08-26 14:55,1,3000,아메리카노I(L) ,
e_e009940,빵,1,2,2010539632,파리바게뜨,경기 성남시 중원구 사기막골로 124,경기 성남시 중원구 상대원동 190-1,3179011,4113310500,2023-08-26 10:16,1,15900,런치샌드위치;다크초코츄잉스타;new추억의소시지빵;더 부드러워진 아다지오 커피번;아침엔초코우유,
e_e009943,티켓+자켓대여권,1,1,1358504288,삼성물산(주) 에버랜드리조트,경기 용인시 처인구 포곡읍 에버랜드로 199,,3203081,4146125027,2023-08-01 13:49,1,0,캐리비안 베이 입장권;중고대 자켓 대여비,
e_e010037,케리비안베이 종일권,0,3,,케리비안베이,,,,,,1,195000,,4146125000
e_e010043,커피,1,1,3500701577,매머드익스프레스,서울 서대문구 충정로6길 59,,4136368,1141010400,2023-08-31 09:07,1,1200,[포장]아메리카노(ice),
e_e010125,입장권,1,2,1358504288,삼성물산(주)에버랜드리조트,경기 용인시 처인구 포곡읍 에버랜드로 199,,3203081,4146125027,2023-08-23 00:00,1,68000,[B]에버랜드 화수목 종일권,
e_e010160,커피(아메리카노 2잔),1,2,5933601121,매머드익스프레스,경기 부천시 송내대로 29,경기 부천시 송내동 709-7,2000015,4119011400,2023-08-23 10:19,1,2400,아메리카노 ICE(1샷),
e_e010281,스마트폰 방수팩,0,2,,다이소 안양역점,경기 안양시 만안구 만안로 244,,,,,1,10000,,4117110100
e_e010325,옷,1,1,1248586989,(주) 현대백화점 더현대 서울,서울 영등포구 여의대로 108,서울 영등포구 여의도동 22,2118001,1156011000,2023-08-26 13:33,1,366000,어라운드율,
e_e010343,커피와 마스크,1,1,7394900922,CU,서울 광진구 자양로19길 10,서울 광진구 자양동 769-13,4112423,1121510500,2023-09-05 11:14,1,5500,콜드브루바닐라;리앤웰비말검정대형,
e_e010365,인천투어패스 통합권 24시간 대인 2장,1,1,1538501713,엘에스컴퍼니,부산 해운대구 센텀중앙로 97,부산 해운대구 재송동 1208-2,3133020,2635010400,2023-08-24 00:00,1,31800,[인천투어패스]24시간 이용권,
e_e010377,웅진플레이도시 입장권,0,4,,웅진플레이도시,572-1,,,,,2,129000,,4119010900
e_e010387,주전부리,2,4,7348701869,드림식자재마트,경북 경산시 하양읍 대학로298길 25,,4739260,4729025021,2023-08-23 18:36,1,2980,옛날밤만쥬16입 ,
e_e010387,주전부리,3,4,7348701869,드림식자재마트,경북 경산시 하양읍 대학로298길 25,,4739260,4729025021,2023-08-23 18:35,1,10930,정성쫀드기;깨보리건빵;동아마신다생수(토트넘);옛날밤만주;앵두콘,
e_e010442,아쿠아필드 수영장과 찜질스파 입장권,1,2,5248601528,네이버파이낸셜주식회사 ,경기 성남시 분당구 정자일로 95,경기 성남시 분당구 정자동 178-4,3180021,4113510300,2023-08-21 00:00,1,76000,[경기]아쿠아필드 고양 루프탑풀,
e_e010539,돗자리,0,2,,다이소,서울 성동구 왕십리광장로 17 비트플렉스 3층,,,,,1,5000,,1120010700
e_e010560,예매표,1,2,,국립중앙박물관,서울 용산구 서빙고로 137,서울 용산구 용산동6가 168-6,3102004,1117013500,2023-08-25 16:00,1,28000,입장권,
e_e010678,월미바다열차티켓,1,2,,월미바다열차,인천 중구 월미로 6,,3149043,2811013800,2023-09-16 15:00,1,16000,월미바다열차 승차권 ,
e_e010715,물총,0,2,,다이소 코엑스몰점,영동대로 513,,,,,1,6000,,1168010500
e_e010736,간식,0,2,,빽다방,115-4,,,,,1,4500,,4111513800
e_e010766,입장티켓,1,4,,넥스트에너지,,,,,2023-08-25 10:49,1,100000,,
e_e010775,진격의 거인 전시회 티켓,0,2,,네이처랩스,AK플라자   4층,,,,,1,36000,,1144012100
e_e010803,안성팜랜드 입장권,1,2,1208643350,플레이스 엠,서울 강남구 테헤란로79길 6,서울 강남구 삼성동 144-19,4166758,1168010500,2023-05-12 00:00,1,25000,안성팜랜드 입장권,
e_e010850,니지모리 스튜디오 입장권,1,2,,니지모리 스튜디오,경기 동두천시 천보산로 567-12,경기 동두천시 탑동동 885-12,3189032,4125011100,,1,40000,입장권,
e_e010884,호암미술관 전시예약,1,2,1358202687,(재)삼성문화재단,경기 용인시 처인구 포곡읍 에버랜드로562번길 38,경기 용인시 처인구 포곡읍 가실리 산 12-8,4409594,4146125026,2023-08-23 20:23,1,28000,한 점 하늘 김환기 입장권,
e_e010893,맥도날드셋트,1,4,1348518815,맥도날드,경기 시흥시 대은로 90,경기 시흥시 은행동 532-1,3199012,4139010600,2023-09-02 13:51,3,14800,탄산음료 M/선택;빅맥/런치세트;창녕 갈리 비프 버거;후렌치 후라이 -M/단품,
e_e011054,가평레일바이크예약,1,3,,가평레일파크,경기 가평군 가평읍 장터길 14,경기 가평군 가평읍 읍내리 395-1,4448247,4182025021,2023-08-27 00:00,1,0,탑승권,
e_e011128,패러글라이딩 예약금,0,1,,미래항공스포츠,경기 양평군 옥천면 동막길 49 패러글라이딩 선착장,,,,,5,30000,,4183034000
e_e011208,케이크,0,3,,겸재케이크,서울 종로구 필운대로2길 23,,,,,1,18000,,1111011000
e_e011247,영화티켓,1,2,,CGV,서울 영등포구 국제금융로 지하 15,서울 영등포구 여의도동 2-2,3118002,1156011000,2023-08-27 12:50,1,16000,관람권,
e_e011252,고속버스 티켓,1,1,8998702113,금호익스프레스(주),울산 남구 삼산로 288,,3170026,3114010600,2023-08-08 22:20,1,16900,버스표,
e_e011252,고속버스 티켓,2,1,8998702113,금호익스프레스(주),울산 남구 삼산로 288,,3170026,3114010600,2023-08-20 22:28,1,16900,버스표 ,
e_e011389,호수카라반캠핑장 예약,1,4,3788800992,캠핑톡 주식회사,서울 중구 청계천로 40,서울 중구 다동 10,3100021,1114010200,2023-08-17 20:01,1,171000,당일캠핑,
e_e011393,공연관람티켓,1,1,2208802594,(주)카카오엔터테인먼트,경기 성남시 분당구 판교역로 221,경기 성남시 분당구 삼평동 672,3179025,4113510900,2023-08-22 11:43,1,66000,관람권,
e_e011405,루덴시아 입장권,1,4,1798801318,여주 루덴시아,경기 여주시 산북면 금품1로 177,경기 여주시 산북면 후리 436,3214010,4167038023,2023-09-03 14:50,1,19900,입장권 ,
e_e011405,루덴시아 입장권,2,4,1798801318,여주 루덴시아,경기 여주시 산북면 금품1로 177,경기 여주시 산북면 후리 436,3214010,4167038023,2023-09-03 14:51,1,19900,입장권,
e_e011405,루덴시아 입장권,3,4,1798801318,여주 루덴시아,경기 여주시 산북면 금품1로 177,경기 여주시 산북면 후리 436,3214010,4167038023,2023-09-03 14:50,1,12500,입장권,
e_e011407,김밥,0,2,,꼬맹이김밥,장승남로 61,,,,,1,13800,,2820010300
e_e011408,테르메덴이용이벤트 당첨권2매,0,2,,테르메덴,사실로984,,,,,4,0,,4150036000
e_e011422,고기,1,2,1298670043,앵거스박 쇠고기상점,서울 은평구 서오릉로 224,,3000007,1138010400,2023-09-03 10:41,1,42530,뚜껑이있는 와사비와 쌈장 소스;냉장.상품육.돈목살.내포크;냉장.상품육.본갈비살;냉장.상품육.꽃갈비살,
e_e011429,김밥,1,1,5112016223,동명김밥,경기 안산시 단원구 달미로 10,경기 안산시 단원구 선부동 1081,3191011,4127310900,2023-08-27 07:19,1,8000,,
e_e011431,아쿠아슈즈,1,2,1208800767,쿠팡(주) ,서울 송파구 송파대로 570,서울 송파구 신천동 7-30,2005011,1171010200,2023-08-29 23:58,3,23800,유세븐 DM 네오 아쿠아슈즈,
e_e011438,야구 관람 티켓,1,2,1448125090,티켓링크,경기 성남시 분당구 대왕판교로645번길 16,경기 성남시 분당구 삼평동 629,4340055,4113510900,2023-08-31 16:18,1,20000,관람권,
e_e011483,포스터덤프: 썸머 디깅 페스티벌 티켓,0,2,,포스터덤프: 썸머 디깅 페스티벌,280-6,,,,,1,18000,,1120011500
e_e011486,빛의시어터 관람 인터넷 구매 트립탓컴이 저렴해서 이용,1,1,1198184716,주식회사 씨트립코리아,서울 중구 수표로 34,,3005006,1114016100,2023-08-26 15:23,1,17400,,
e_e011574,전시회 티켓,1,2,2788600984,주식회사 데일리샷,서울 강남구 언주로93길 27,서울 강남구 역삼동 677-3,4166623,1168010100,2023-08-10 18:07,1,45000,[2일차] 스타보틀 그랜드 테이스팅 티켓,
e_e011575,스노쿨링 세트,0,1,,신성레포츠,1644-14,,,,,1,12500,,4213011600
e_e011582,아이쇼핑  영화관 카드내역이 없음  영화관 내부 사진찰영,0,3,,다산 프리미엄 아울렛 영화관,경기 남양주시 다산순환로 50,,,,,1,24000,,4136011200
e_e011588,점심식사 재료,1,3,,이마트,,,,,2023-08-25 19:30,1,97480,노브랜드 미네랄워터;오뚜기 진라면 순한맛;NB)데리야끼닭꼬치;CJ 햇반;썬파워 부탄가스(기획),
e_e011588,점심식사 재료,2,3,5569900604,한우촌,서울 강서구 수명로 82,서울 강서구 내발산동 750,3115007,1150010600,2023-08-25 19:57,1,77400,돼지고기 ,
e_e011592,영화표,1,1,,롯데시네마,서울 강서구 하늘길 38,,4145490,1150010900,2023-08-23 17:23,3,15000,관란권,
e_e011631,아메가리카노,0,1,,메가커피 온수점,157,,,,,1,3000,,1153011000
e_e011742,스폰지밥의 우당탕탕 시간여행 예매,0,2,,대원미디어,40-999,,,,,1,23000,,1117012800
e_e011787,과자; 음료수,0,3,,원마트,마전로115번길10,,,,,1,10000,,2826011300
e_e011885,티켓,0,4,,안양워터랜드,153-32 1층,,,,,1,80000,,4117110100
e_e012063,고속버스터미널 티켓,1,2,1388128578,(주)동양고속,서울 서초구 신반포로 194,서울 서초구 반포동 19-4,3121017,1165010700,2023-08-29 11:28,1,10800,버스표,
e_e012063,고속버스터미널 티켓,2,2,1388128578,(주)동양고속,서울 서초구 신반포로 194,서울 서초구 반포동 19-4,3121017,1165010700,2023-08-29 19:13,1,11800,버스표,
e_e012346,레베카 티켓,1,2,8248102515,주식회사 인터파크트리플,서울 강남구 삼성로 512,,3122005,1168010500,2023-08-08 00:00,3,340000,뮤지컬<레베카>10주년 기념공원-관람권,
e_e012357,공연티켓,1,1,8248102515,(주)인터파크 트리플,서울 강남구 삼성로 512,,3122005,1168010500,2023-07-28 00:00,3,14000,성남시립교향악단 정기연주회 입장권,
e_e012488,영화 티켓,1,1,1208514877,메가박스,서울 강남구 봉은사로 524,서울 강남구 삼성동 159,3122004,1168010500,2023-08-25 08:18,1,8000,관람권,
e_e012514,김밥 음료수,1,5,6082834894,GS25,경기 부천시 상일로 69,경기 부천시 상동 397,3184006,4119010900,2023-09-01 17:11,1,8800,과수원사과;참치마요김밥;혜자)참치마요,
e_e012682,펩시콜라 서울우유 맑은샘물 뽕따소다,1,1,3895800490,GS25,서울 동작구 남부순환로269길 97,서울 동작구 사당동 439-4,4157050,1159010700,2023-09-01 12:02,1,5410,펩시콜라;서울우유;맑은샘물;빙)뽕따소다;포장봉투,
e_e012761,한국민속촌 입장티켓,1,4,2208183676,주식회사 지마켓,서울 강남구 테헤란로 152,서울 강남구 역삼동 737,3122010,1168010100,2023-09-02 00:00,1,66000,한국민속촌 종일 자유이용권,
e_e012761,한국민속촌 입장티켓,2,4,2208183676,주식회사 지마켓,서울 강남구 테헤란로 152,서울 강남구 역삼동 737,3122010,1168010100,2023-08-29 00:00,1,22000,한국민속촌 종일 자유이용권,
e_e012805,김밥,0,2,,김밥타운 노유점,52-65,,,,,1,9500,,1121510500
e_e013055,커피,0,3,,스타벅스,,,,,,1,9500,,4121010400
e_e013062,연극 비용,1,2,2118841856,㈜티몬,서울 강남구 압구정로 118,서울 강남구 신사동 529-4,3122007,1168010700,2023-09-04 00:00,1,20060,[몬스터데이]연극 슬기로운 신혼생활 관람권,
e_e013063,뮤지컬 티켓,0,2,,인터파크티켓,131,,,,,1,322000,,1114016300
f_f000041,식료품 및 간식,0,2,,고덕 그라시움 GS 슈퍼,그라시움 아파트 상가내에 있는 GS 슈퍼,,,,,1,33720,,1174010200
f_f003663,수상레저 예약금,0,2,,가평빠지붐붐수상레저,북한강변로854,,,,,5,20000,,4182025000
